"Time of Day","Lap","LeadLap","Lap Tm","Speed","S1","S1 Tm","S2","S2 Tm","S3","S3 Tm","SPT","SPT Tm"
121 - Felipe Baptista - Stock Car PRO 2024
"12:05:11.733","1","1","1:31.349","151,135","0,0","35.357","0,0","37.524","0,0","18.468","204,9","0.527"
"12:06:40.248","2","2","1:28.515","155,974","0,0","33.128","0,0","37.378","0,0","18.009","242,2","0.446"
"12:08:08.362","3","3","1:28.114","156,683","0,0","32.980","0,0","37.183","0,0","17.951","246,0","0.439"
"12:09:36.718","4","4","1:28.356","156,254","0,0","32.823","0,0","37.401","0,0","18.132","244,9","0.441"
"12:11:04.846","5","5","1:28.128","156,658","0,0","32.705","0,0","37.391","0,0","18.032","246,0","0.439"
"12:12:32.978","6","6","1:28.132","156,651","0,0","32.753","0,0","37.315","0,0","18.064","246,6","0.438"
"12:14:24.646","7","7","1:51.668","123,634","0,0","36.485","0,0","47.971","0,0","27.212","246,6","0.438"
"12:16:36.734","8","8","2:12.088","104,521","0,0","51.487","0,0","53.918","0,0","26.683","131,2","0.823"
"12:18:57.853","9","9","2:21.119","97,832","0,0","49.569","0,0","1:09.539","0,0","22.011","131,1","0.824"
"12:20:57.584","10","10","1:59.731","115,308","0,0","44.723","0,0","56.316","0,0","18.692","169,8","0.636"
"12:22:26.957","11","11","1:29.373","154,476","0,0","33.221","0,0","37.510","0,0","18.642","241,6","0.447"
"12:23:55.268","12","12","1:28.311","156,334","0,0","33.060","0,0","37.235","0,0","18.016","243,2","0.444"
"12:25:23.071","13","13","1:27.803","157,238","0,0","32.829","0,0","37.077","0,0","17.897","246,6","0.438"
"12:26:51.005","14","14","1:27.934","157,004","0,0","32.654","0,0","37.283","0,0","17.997","246,6","0.438"
"12:28:58.388","15","15","2:07.383","108,382","0,0","32.775","0,0","37.542","","","247,7","0.436"
"12:30:34.289","16","16","1:35.901","143,961","","","0,0","37.345","0,0","18.104","188,2","0.574"
"12:32:02.337","17","17","1:28.048","156,801","0,0","32.802","0,0","37.253","0,0","17.993","246,6","0.438"
"12:33:30.663","18","18","1:28.326","156,307","0,0","32.711","0,0","37.527","0,0","18.088","247,1","0.437"
"12:34:59.077","19","19","1:28.414","156,152","0,0","32.837","0,0","37.464","0,0","18.113","248,3","0.435"
"12:36:27.503","20","20","1:28.426","156,131","0,0","32.780","0,0","37.535","0,0","18.111","247,7","0.436"
"12:37:56.879","21","21","1:29.376","154,471","0,0","33.070","0,0","38.107","0,0","18.199","247,7","0.436"
"12:39:26.048","22","22","1:29.169","154,830","0,0","33.243","0,0","37.811","0,0","18.115","246,6","0.438"
"12:40:55.016","23","23","1:28.968","155,179","0,0","32.898","0,0","37.904","0,0","18.166","247,7","0.436"
"12:42:23.927","24","24","1:28.911","155,279","0,0","33.020","0,0","37.770","0,0","18.121","248,3","0.435"
"12:43:52.698","25","25","1:28.771","155,524","0,0","32.927","0,0","37.749","0,0","18.095","248,3","0.435"
"12:45:21.926","26","26","1:29.228","154,727","0,0","33.302","0,0","37.831","0,0","18.095","248,8","0.434"
"12:46:50.982","27","27","1:29.056","155,026","0,0","33.045","0,0","37.851","0,0","18.160","248,8","0.434"
"12:48:20.194","28","28","1:29.212","154,755","0,0","33.030","0,0","37.957","0,0","18.225","248,8","0.434"
"12:49:49.544","29","29","1:29.350","154,516","0,0","33.216","0,0","37.937","0,0","18.197","248,3","0.435"
"12:51:18.834","30","30","1:29.290","154,620","0,0","33.151","0,0","37.995","0,0","18.144","247,1","0.437"
"12:52:47.711","31","31","1:28.877","155,338","0,0","32.790","0,0","37.905","0,0","18.182","249,4","0.433"
"12:54:16.770","32","32","1:29.059","155,021","0,0","32.982","0,0","37.849","0,0","18.228","248,8","0.434"
"12:55:46.894","33","33","1:30.124","153,189","0,0","33.487","0,0","38.119","0,0","18.518","248,3","0.435"
19 - Felipe Massa - Stock Car PRO 2024
"12:05:12.560","1","1","1:31.996","150,072","0,0","35.703","0,0","37.747","0,0","18.546","204,5","0.528"
"12:06:41.676","2","2","1:29.116","154,922","0,0","33.219","0,0","37.710","0,0","18.187","243,2","0.444"
"12:08:10.646","3","3","1:28.970","155,176","0,0","33.098","0,0","37.701","0,0","18.171","246,0","0.439"
"12:09:39.026","4","4","1:28.380","156,212","0,0","32.928","0,0","37.403","0,0","18.049","246,6","0.438"
"12:11:07.252","5","5","1:28.226","156,484","0,0","32.873","0,0","37.294","0,0","18.059","248,3","0.435"
"12:12:35.527","6","6","1:28.275","156,398","0,0","32.932","0,0","37.306","0,0","18.037","247,7","0.436"
"12:14:26.210","7","7","1:50.683","124,735","0,0","36.672","0,0","46.790","0,0","27.221","247,1","0.437"
"12:16:37.824","8","8","2:11.614","104,898","0,0","51.000","0,0","53.854","0,0","26.760","139,9","0.772"
"12:18:59.000","9","9","2:21.176","97,793","0,0","49.306","0,0","1:09.856","0,0","22.014","122,6","0.881"
"12:20:58.295","10","10","1:59.295","115,730","0,0","44.382","0,0","56.254","0,0","18.659","191,8","0.563"
"12:22:27.701","11","11","1:29.406","154,419","0,0","33.208","0,0","37.642","0,0","18.556","243,8","0.443"
"12:24:35.274","12","12","2:07.573","108,220","0,0","33.139","0,0","37.174","","","244,9","0.441"
"12:26:11.025","13","13","1:35.751","144,186","","","0,0","37.270","0,0","17.950","188,2","0.574"
"12:27:38.886","14","14","1:27.861","157,135","0,0","32.724","0,0","37.100","0,0","18.037","246,6","0.438"
"12:29:07.016","15","15","1:28.130","156,655","0,0","32.808","0,0","37.283","0,0","18.039","247,1","0.437"
"12:30:35.326","16","16","1:28.310","156,336","0,0","32.910","0,0","37.323","0,0","18.077","247,1","0.437"
"12:32:03.874","17","17","1:28.548","155,915","0,0","32.879","0,0","37.582","0,0","18.087","250,0","0.432"
"12:33:32.551","18","18","1:28.677","155,689","0,0","32.900","0,0","37.728","0,0","18.049","250,0","0.432"
"12:35:01.992","19","19","1:29.441","154,359","0,0","33.107","0,0","37.802","0,0","18.532","249,4","0.433"
"12:36:31.235","20","20","1:29.243","154,701","0,0","33.221","0,0","37.575","0,0","18.447","244,3","0.442"
"12:38:00.100","21","21","1:28.865","155,359","0,0","33.183","0,0","37.584","0,0","18.098","244,9","0.441"
"12:39:28.851","22","22","1:28.751","155,559","0,0","33.051","0,0","37.573","0,0","18.127","248,8","0.434"
"12:40:58.426","23","23","1:29.575","154,128","0,0","33.188","0,0","37.896","0,0","18.491","250,0","0.432"
"12:42:27.943","24","24","1:29.517","154,228","0,0","33.168","0,0","37.882","0,0","18.467","245,5","0.440"
"12:43:57.529","25","25","1:29.586","154,109","0,0","33.269","0,0","37.828","0,0","18.489","244,9","0.441"
"12:45:27.011","26","26","1:29.482","154,288","0,0","33.440","0,0","37.872","0,0","18.170","244,9","0.441"
"12:46:56.230","27","27","1:29.219","154,743","0,0","33.194","0,0","37.892","0,0","18.133","249,4","0.433"
"12:48:25.611","28","28","1:29.381","154,462","0,0","33.301","0,0","37.908","0,0","18.172","248,8","0.434"
"12:49:54.643","29","29","1:29.032","155,068","0,0","33.175","0,0","37.710","0,0","18.147","249,4","0.433"
"12:51:23.933","30","30","1:29.290","154,620","0,0","33.327","0,0","37.790","0,0","18.173","250,0","0.432"
"12:52:53.432","31","31","1:29.499","154,259","0,0","33.232","0,0","38.046","0,0","18.221","249,4","0.433"
"12:54:22.507","32","32","1:29.075","154,993","0,0","33.146","0,0","37.751","0,0","18.178","249,4","0.433"
"12:55:52.247","33","33","1:29.740","153,844","0,0","33.449","0,0","37.947","0,0","18.344","249,4","0.433"
83 - Gabriel Casagrande - Stock Car PRO 2024
"12:05:14.482","1","1","1:32.406","149,406","0,0","35.619","0,0","38.123","0,0","18.664","207,3","0.521"
"12:06:43.778","2","2","1:29.296","154,609","0,0","33.234","0,0","37.836","0,0","18.226","243,2","0.444"
"12:08:12.749","3","3","1:28.971","155,174","0,0","33.056","0,0","37.736","0,0","18.179","250,6","0.431"
"12:09:41.705","4","4","1:28.956","155,200","0,0","33.049","0,0","37.714","0,0","18.193","249,4","0.433"
"12:11:10.683","5","5","1:28.978","155,162","0,0","33.032","0,0","37.737","0,0","18.209","250,6","0.431"
"12:12:39.562","6","6","1:28.879","155,335","0,0","33.078","0,0","37.629","0,0","18.172","247,1","0.437"
"12:14:30.355","7","7","1:50.793","124,611","0,0","39.171","0,0","46.744","0,0","24.878","227,8","0.474"
"12:16:40.822","8","8","2:10.467","105,820","0,0","50.081","0,0","54.083","0,0","26.303","146,7","0.736"
"12:19:03.808","9","9","2:22.986","96,555","0,0","50.657","0,0","1:08.753","0,0","23.576","127,8","0.845"
"12:20:59.729","10","10","1:55.921","119,098","0,0","42.998","0,0","54.115","0,0","18.808","175,0","0.617"
"12:22:29.409","11","11","1:29.680","153,947","0,0","33.347","0,0","37.759","0,0","18.574","242,2","0.446"
"12:23:58.521","12","12","1:29.112","154,929","0,0","33.192","0,0","37.780","0,0","18.140","244,9","0.441"
"12:25:27.374","13","13","1:28.853","155,380","0,0","32.912","0,0","37.466","0,0","18.475","246,0","0.439"
"12:27:36.719","14","14","2:09.345","106,738","0,0","32.767","0,0","37.574","","","251,2","0.430"
"12:29:12.922","15","15","1:36.203","143,509","","","0,0","37.419","0,0","18.072","185,9","0.581"
"12:30:41.221","16","16","1:28.299","156,355","0,0","32.706","0,0","37.513","0,0","18.080","244,9","0.441"
"12:32:09.476","17","17","1:28.255","156,433","0,0","32.714","0,0","37.458","0,0","18.083","246,6","0.438"
"12:33:37.811","18","18","1:28.335","156,291","0,0","32.694","0,0","37.514","0,0","18.127","247,1","0.437"
"12:35:07.303","19","19","1:29.492","154,271","0,0","33.712","0,0","37.660","0,0","18.120","247,7","0.436"
"12:36:35.743","20","20","1:28.440","156,106","0,0","32.755","0,0","37.578","0,0","18.107","246,6","0.438"
"12:38:04.405","21","21","1:28.662","155,715","0,0","32.793","0,0","37.734","0,0","18.135","246,6","0.438"
"12:39:33.097","22","22","1:28.692","155,662","0,0","32.861","0,0","37.710","0,0","18.121","247,7","0.436"
"12:41:02.524","23","23","1:29.427","154,383","0,0","32.959","0,0","37.942","0,0","18.526","247,7","0.436"
"12:42:31.407","24","24","1:28.883","155,328","0,0","33.127","0,0","37.677","0,0","18.079","243,2","0.444"
"12:44:00.222","25","25","1:28.815","155,447","0,0","32.981","0,0","37.742","0,0","18.092","248,3","0.435"
"12:45:29.747","26","26","1:29.525","154,214","0,0","33.090","0,0","37.831","0,0","18.604","247,7","0.436"
"12:46:58.873","27","27","1:29.126","154,904","0,0","33.107","0,0","37.800","0,0","18.219","244,3","0.442"
"12:48:27.842","28","28","1:28.969","155,178","0,0","33.114","0,0","37.722","0,0","18.133","248,3","0.435"
"12:49:56.886","29","29","1:29.044","155,047","0,0","32.994","0,0","37.868","0,0","18.182","248,8","0.434"
"12:51:26.445","30","30","1:29.559","154,155","0,0","33.054","0,0","37.913","0,0","18.592","247,7","0.436"
"12:52:55.578","31","31","1:29.133","154,892","0,0","33.195","0,0","37.812","0,0","18.126","244,3","0.442"
"12:54:24.697","32","32","1:29.119","154,916","0,0","33.063","0,0","37.878","0,0","18.178","248,8","0.434"
"12:55:54.121","33","33","1:29.424","154,388","0,0","33.191","0,0","38.063","0,0","18.170","248,8","0.434"
111 - Rubens Barrichello - Stock Car PRO 2024
"12:05:18.514","1","1","1:34.899","145,481","0,0","35.960","0,0","39.725","0,0","19.214","214,7","0.503"
"12:06:48.546","2","2","1:30.032","153,345","0,0","33.396","0,0","38.169","0,0","18.467","247,1","0.437"
"12:08:18.520","3","3","1:29.974","153,444","0,0","33.380","0,0","38.187","0,0","18.407","241,6","0.447"
"12:09:47.385","4","4","1:28.865","155,359","0,0","32.852","0,0","37.412","0,0","18.601","250,6","0.431"
"12:11:16.293","5","5","1:28.908","155,284","0,0","33.015","0,0","37.361","0,0","18.532","242,2","0.446"
"12:12:45.136","6","6","1:28.843","155,398","0,0","32.870","0,0","37.424","0,0","18.549","244,9","0.441"
"12:14:42.679","7","7","1:57.543","117,455","0,0","44.091","0,0","50.248","0,0","23.204","234,3","0.461"
"12:16:53.761","8","8","2:11.082","105,323","0,0","49.394","0,0","54.658","0,0","27.030","120,7","0.895"
"12:19:18.976","9","9","2:25.215","95,073","0,0","49.310","0,0","1:14.355","0,0","21.550","121,3","0.890"
"12:21:05.141","10","10","1:46.165","130,043","0,0","40.083","0,0","47.502","0,0","18.580","148,1","0.729"
"12:22:34.618","11","11","1:29.477","154,297","0,0","33.097","0,0","37.723","0,0","18.657","242,7","0.445"
"12:24:03.844","12","12","1:29.226","154,731","0,0","33.198","0,0","37.341","0,0","18.687","251,2","0.430"
"12:25:33.051","13","13","1:29.207","154,764","0,0","33.022","0,0","37.633","0,0","18.552","242,7","0.445"
"12:27:01.580","14","14","1:28.529","155,949","0,0","32.980","0,0","37.307","0,0","18.242","242,7","0.445"
"12:28:31.027","15","15","1:29.447","154,348","0,0","32.950","0,0","38.191","0,0","18.306","247,1","0.437"
"12:29:59.461","16","16","1:28.434","156,116","0,0","32.855","0,0","37.524","0,0","18.055","247,7","0.436"
"12:32:07.271","17","17","2:07.810","108,020","0,0","32.888","0,0","37.633","","","244,3","0.442"
"12:33:44.165","18","18","1:36.894","142,486","","","0,0","37.742","0,0","18.065","187,2","0.577"
"12:35:13.309","19","19","1:29.144","154,873","0,0","33.365","0,0","37.756","0,0","18.023","247,1","0.437"
"12:36:41.450","20","20","1:28.141","156,635","0,0","32.856","0,0","37.263","0,0","18.022","246,0","0.439"
"12:38:09.632","21","21","1:28.182","156,563","0,0","32.768","0,0","37.215","0,0","18.199","250,0","0.432"
"12:39:38.714","22","22","1:29.082","154,981","0,0","32.854","0,0","37.682","0,0","18.546","248,8","0.434"
"12:41:07.451","23","23","1:28.737","155,583","0,0","33.074","0,0","37.615","0,0","18.048","246,0","0.439"
"12:42:36.172","24","24","1:28.721","155,611","0,0","32.907","0,0","37.755","0,0","18.059","246,6","0.438"
"12:44:05.165","25","25","1:28.993","155,136","0,0","32.989","0,0","37.664","0,0","18.340","250,0","0.432"
"12:45:35.200","26","26","1:30.035","153,340","0,0","34.062","0,0","37.816","0,0","18.157","249,4","0.433"
"12:47:04.388","27","27","1:29.188","154,797","0,0","33.107","0,0","37.916","0,0","18.165","247,7","0.436"
"12:48:33.982","28","28","1:29.594","154,095","0,0","33.091","0,0","37.852","0,0","18.651","248,8","0.434"
"12:50:03.093","29","29","1:29.111","154,930","0,0","33.319","0,0","37.597","0,0","18.195","244,3","0.442"
"12:51:32.645","30","30","1:29.552","154,167","0,0","33.220","0,0","37.962","0,0","18.370","248,8","0.434"
"12:53:01.647","31","31","1:29.002","155,120","0,0","33.015","0,0","37.666","0,0","18.321","248,8","0.434"
"12:54:31.013","32","32","1:29.366","154,488","0,0","33.343","0,0","37.694","0,0","18.329","249,4","0.433"
"12:56:00.757","33","33","1:29.744","153,838","0,0","33.570","0,0","37.752","0,0","18.422","247,7","0.436"
12 - Lucas Foresti - Stock Car PRO 2024
"12:05:14.107","1","1","1:32.452","149,332","0,0","35.731","0,0","38.075","0,0","18.646","205,7","0.525"
"12:06:43.543","2","2","1:29.436","154,367","0,0","33.249","0,0","37.917","0,0","18.270","242,7","0.445"
"12:08:12.554","3","3","1:29.011","155,104","0,0","33.058","0,0","37.643","0,0","18.310","247,7","0.436"
"12:09:41.532","4","4","1:28.978","155,162","0,0","32.934","0,0","37.689","0,0","18.355","247,7","0.436"
"12:11:10.675","5","5","1:29.143","154,875","0,0","32.958","0,0","37.678","0,0","18.507","249,4","0.433"
"12:12:40.644","6","6","1:29.969","153,453","0,0","33.667","0,0","37.870","0,0","18.432","250,6","0.431"
"12:14:31.734","7","7","1:51.090","124,278","0,0","39.145","0,0","46.832","0,0","25.113","242,2","0.446"
"12:16:42.439","8","8","2:10.705","105,627","0,0","49.900","0,0","54.500","0,0","26.305","151,0","0.715"
"12:19:05.378","9","9","2:22.939","96,587","0,0","50.025","0,0","1:08.956","0,0","23.958","130,3","0.829"
"12:21:00.397","10","10","1:55.019","120,032","0,0","42.307","0,0","53.889","0,0","18.823","180,3","0.599"
"12:22:30.584","11","11","1:30.187","153,082","0,0","33.552","0,0","37.992","0,0","18.643","242,2","0.446"
"12:23:59.832","12","12","1:29.248","154,693","0,0","33.208","0,0","37.760","0,0","18.280","243,8","0.443"
"12:26:09.947","13","13","2:10.115","106,106","0,0","33.112","0,0","37.582","","","248,3","0.435"
"12:27:46.972","14","14","1:37.025","142,293","","","0,0","37.977","0,0","18.336","193,2","0.559"
"12:29:15.544","15","15","1:28.572","155,873","0,0","32.874","0,0","37.476","0,0","18.222","245,5","0.440"
"12:30:43.971","16","16","1:28.427","156,129","0,0","32.794","0,0","37.430","0,0","18.203","246,6","0.438"
"12:32:12.568","17","17","1:28.597","155,829","0,0","32.934","0,0","37.536","0,0","18.127","248,3","0.435"
"12:33:41.112","18","18","1:28.544","155,922","0,0","32.782","0,0","37.560","0,0","18.202","248,3","0.435"
"12:35:10.261","19","19","1:29.149","154,864","0,0","33.143","0,0","37.749","0,0","18.257","248,8","0.434"
"12:36:39.272","20","20","1:29.011","155,104","0,0","32.960","0,0","37.679","0,0","18.372","248,3","0.435"
"12:38:08.449","21","21","1:29.177","154,816","0,0","32.969","0,0","37.649","0,0","18.559","248,3","0.435"
"12:39:37.757","22","22","1:29.308","154,589","0,0","33.208","0,0","37.876","0,0","18.224","243,2","0.444"
"12:41:06.686","23","23","1:28.929","155,247","0,0","33.056","0,0","37.675","0,0","18.198","248,3","0.435"
"12:42:35.678","24","24","1:28.992","155,138","0,0","33.056","0,0","37.689","0,0","18.247","249,4","0.433"
"12:44:05.235","25","25","1:29.557","154,159","0,0","33.213","0,0","37.739","0,0","18.605","247,1","0.437"
"12:45:34.640","26","26","1:29.405","154,421","0,0","33.257","0,0","37.907","0,0","18.241","246,6","0.438"
"12:47:03.863","27","27","1:29.223","154,736","0,0","33.086","0,0","37.888","0,0","18.249","248,3","0.435"
"12:48:33.224","28","28","1:29.361","154,497","0,0","33.217","0,0","37.912","0,0","18.232","248,3","0.435"
"12:50:02.733","29","29","1:29.509","154,241","0,0","33.240","0,0","37.969","0,0","18.300","248,3","0.435"
"12:51:33.059","30","30","1:30.326","152,846","0,0","33.223","0,0","38.182","0,0","18.921","248,8","0.434"
"12:53:02.749","31","31","1:29.690","153,930","0,0","33.228","0,0","38.112","0,0","18.350","246,0","0.439"
"12:54:32.461","32","32","1:29.712","153,892","0,0","33.359","0,0","38.003","0,0","18.350","248,8","0.434"
"12:56:02.269","33","33","1:29.808","153,728","0,0","33.414","0,0","38.024","0,0","18.370","249,4","0.433"
4 - Julio Campos - Stock Car PRO 2024
"12:05:15.172","1","1","1:32.836","148,714","0,0","35.641","0,0","38.410","0,0","18.785","206,1","0.524"
"12:06:44.295","2","2","1:29.123","154,910","0,0","33.252","0,0","37.648","0,0","18.223","242,7","0.445"
"12:08:13.326","3","3","1:29.031","155,070","0,0","33.142","0,0","37.714","0,0","18.175","246,0","0.439"
"12:09:42.247","4","4","1:28.921","155,261","0,0","33.034","0,0","37.733","0,0","18.154","246,0","0.439"
"12:11:11.173","5","5","1:28.926","155,253","0,0","32.959","0,0","37.799","0,0","18.168","246,6","0.438"
"12:12:40.773","6","6","1:29.600","154,085","0,0","33.412","0,0","37.751","0,0","18.437","247,1","0.437"
"12:14:33.160","7","7","1:52.387","122,843","0,0","40.595","0,0","46.639","0,0","25.153","246,6","0.438"
"12:16:44.605","8","8","2:11.445","105,033","0,0","49.689","0,0","54.954","0,0","26.802","145,7","0.741"
"12:19:07.036","9","9","2:22.431","96,931","0,0","49.142","0,0","1:09.903","0,0","23.386","142,1","0.760"
"12:21:01.044","10","10","1:54.008","121,097","0,0","41.768","0,0","53.340","0,0","18.900","180,0","0.600"
"12:22:30.951","11","11","1:29.907","153,559","0,0","33.306","0,0","37.908","0,0","18.693","242,7","0.445"
"12:24:00.083","12","12","1:29.132","154,894","0,0","33.126","0,0","37.787","0,0","18.219","243,8","0.443"
"12:25:29.079","13","13","1:28.996","155,131","0,0","33.099","0,0","37.826","0,0","18.071","247,1","0.437"
"12:26:57.321","14","14","1:28.242","156,456","0,0","32.871","0,0","37.333","0,0","18.038","247,1","0.437"
"12:28:25.419","15","15","1:28.098","156,712","0,0","32.875","0,0","37.220","0,0","18.003","246,0","0.439"
"12:29:54.032","16","16","1:28.613","155,801","0,0","33.066","0,0","37.484","0,0","18.063","246,0","0.439"
"12:32:06.589","17","17","2:12.557","104,151","0,0","33.008","0,0","37.912","","","247,1","0.437"
"12:33:43.373","18","18","1:36.784","142,648","","","0,0","37.573","0,0","18.079","186,9","0.578"
"12:35:11.857","19","19","1:28.484","156,028","0,0","32.921","0,0","37.437","0,0","18.126","248,3","0.435"
"12:36:40.744","20","20","1:28.887","155,321","0,0","32.834","0,0","37.524","0,0","18.529","248,3","0.435"
"12:38:10.198","21","21","1:29.454","154,336","0,0","33.081","0,0","37.573","0,0","18.800","245,5","0.440"
"12:39:39.475","22","22","1:29.277","154,642","0,0","33.114","0,0","37.602","0,0","18.561","244,3","0.442"
"12:41:08.977","23","23","1:29.502","154,254","0,0","33.128","0,0","37.893","0,0","18.481","244,3","0.442"
"12:42:37.954","24","24","1:28.977","155,164","0,0","33.054","0,0","37.790","0,0","18.133","245,5","0.440"
"12:44:06.760","25","25","1:28.806","155,462","0,0","33.182","0,0","37.590","0,0","18.034","244,3","0.442"
"12:45:36.478","26","26","1:29.718","153,882","0,0","33.126","0,0","38.046","0,0","18.546","247,7","0.436"
"12:47:05.808","27","27","1:29.330","154,551","0,0","33.086","0,0","37.701","0,0","18.543","245,5","0.440"
"12:48:35.243","28","28","1:29.435","154,369","0,0","33.154","0,0","37.674","0,0","18.607","244,3","0.442"
"12:50:04.672","29","29","1:29.429","154,379","0,0","33.178","0,0","37.671","0,0","18.580","244,9","0.441"
"12:51:34.392","30","30","1:29.720","153,879","0,0","33.259","0,0","37.903","0,0","18.558","244,3","0.442"
"12:53:03.518","31","31","1:29.126","154,904","0,0","33.170","0,0","37.821","0,0","18.135","244,9","0.441"
"12:54:32.778","32","32","1:29.260","154,672","0,0","33.221","0,0","37.855","0,0","18.184","248,8","0.434"
"12:56:03.041","33","33","1:30.263","152,953","0,0","33.336","0,0","38.152","0,0","18.775","249,4","0.433"
33 - Nelson Piquet Jr - Stock Car PRO 2024
"12:05:18.495","1","1","1:35.311","144,852","0,0","36.220","0,0","39.900","0,0","19.191","212,6","0.508"
"12:06:48.552","2","2","1:30.057","153,303","0,0","33.657","0,0","38.087","0,0","18.313","247,1","0.437"
"12:08:18.290","3","3","1:29.738","153,848","0,0","33.040","0,0","38.394","0,0","18.304","244,9","0.441"
"12:09:46.815","4","4","1:28.525","155,956","0,0","32.743","0,0","37.289","0,0","18.493","246,0","0.439"
"12:11:15.592","5","5","1:28.777","155,513","0,0","32.885","0,0","37.347","0,0","18.545","242,7","0.445"
"12:12:44.525","6","6","1:28.933","155,240","0,0","32.942","0,0","37.453","0,0","18.538","243,2","0.444"
"12:14:41.965","7","7","1:57.440","117,558","0,0","44.074","0,0","50.389","0,0","22.977","216,9","0.498"
"12:16:53.013","8","8","2:11.048","105,351","0,0","49.256","0,0","54.742","0,0","27.050","132,7","0.814"
"12:19:18.178","9","9","2:25.165","95,106","0,0","49.294","0,0","1:14.684","0,0","21.187","119,1","0.907"
"12:21:04.632","10","10","1:46.454","129,690","0,0","40.211","0,0","47.644","0,0","18.599","148,4","0.728"
"12:22:33.501","11","11","1:28.869","155,352","0,0","33.170","0,0","37.450","0,0","18.249","248,3","0.435"
"12:24:02.264","12","12","1:28.763","155,538","0,0","33.015","0,0","37.582","0,0","18.166","246,0","0.439"
"12:25:30.759","13","13","1:28.495","156,009","0,0","32.872","0,0","37.263","0,0","18.360","247,7","0.436"
"12:26:59.471","14","14","1:28.712","155,627","0,0","32.903","0,0","37.602","0,0","18.207","246,6","0.438"
"12:29:12.084","15","15","2:12.613","104,107","0,0","33.049","0,0","37.536","","","244,9","0.441"
"12:30:48.059","16","16","1:35.975","143,850","","","0,0","37.398","0,0","17.995","186,2","0.580"
"12:32:16.266","17","17","1:28.207","156,518","0,0","32.752","0,0","37.394","0,0","18.061","246,6","0.438"
"12:33:45.393","18","18","1:29.127","154,903","0,0","32.879","0,0","38.070","0,0","18.178","246,6","0.438"
"12:35:14.346","19","19","1:28.953","155,206","0,0","32.917","0,0","37.855","0,0","18.181","246,6","0.438"
"12:36:42.808","20","20","1:28.462","156,067","0,0","32.793","0,0","37.538","0,0","18.131","246,0","0.439"
"12:38:11.787","21","21","1:28.979","155,160","0,0","33.052","0,0","37.830","0,0","18.097","245,5","0.440"
"12:39:40.550","22","22","1:28.763","155,538","0,0","33.086","0,0","37.543","0,0","18.134","246,0","0.439"
"12:41:09.525","23","23","1:28.975","155,167","0,0","32.974","0,0","37.791","0,0","18.210","246,6","0.438"
"12:42:38.582","24","24","1:29.057","155,024","0,0","33.002","0,0","37.872","0,0","18.183","248,3","0.435"
"12:44:08.097","25","25","1:29.515","154,231","0,0","33.208","0,0","37.939","0,0","18.368","246,6","0.438"
"12:45:37.437","26","26","1:29.340","154,533","0,0","33.125","0,0","37.884","0,0","18.331","247,1","0.437"
"12:47:06.693","27","27","1:29.256","154,679","0,0","33.160","0,0","37.890","0,0","18.206","246,6","0.438"
"12:48:36.233","28","28","1:29.540","154,188","0,0","33.220","0,0","37.986","0,0","18.334","247,1","0.437"
"12:50:05.896","29","29","1:29.663","153,977","0,0","33.206","0,0","38.097","0,0","18.360","247,1","0.437"
"12:51:35.667","30","30","1:29.771","153,791","0,0","33.346","0,0","38.136","0,0","18.289","246,6","0.438"
"12:53:05.634","31","31","1:29.967","153,456","0,0","33.242","0,0","38.110","0,0","18.615","246,0","0.439"
"12:54:35.459","32","32","1:29.825","153,699","0,0","33.426","0,0","38.102","0,0","18.297","243,8","0.443"
"12:56:05.922","33","33","1:30.463","152,615","0,0","33.398","0,0","38.585","0,0","18.480","245,5","0.440"
44 - Bruno Baptista - Stock Car PRO 2024
"12:05:15.426","1","1","1:33.171","148,179","0,0","35.950","0,0","38.413","0,0","18.808","207,3","0.521"
"12:06:44.703","2","2","1:29.277","154,642","0,0","33.352","0,0","37.768","0,0","18.157","243,8","0.443"
"12:08:14.118","3","3","1:29.415","154,404","0,0","33.127","0,0","37.615","0,0","18.673","247,7","0.436"
"12:09:42.952","4","4","1:28.834","155,413","0,0","32.953","0,0","37.617","0,0","18.264","243,8","0.443"
"12:11:11.937","5","5","1:28.985","155,150","0,0","32.901","0,0","37.558","0,0","18.526","249,4","0.433"
"12:12:41.122","6","6","1:29.185","154,802","0,0","32.973","0,0","37.990","0,0","18.222","255,9","0.422"
"12:14:34.092","7","7","1:52.970","122,209","0,0","41.055","0,0","46.865","0,0","25.050","247,1","0.437"
"12:16:45.656","8","8","2:11.564","104,938","0,0","50.191","0,0","54.401","0,0","26.972","146,1","0.739"
"12:19:09.238","9","9","2:23.582","96,154","0,0","49.066","0,0","1:10.858","0,0","23.658","135,5","0.797"
"12:21:01.217","10","10","1:51.979","123,291","0,0","40.621","0,0","52.473","0,0","18.885","169,3","0.638"
"12:22:31.338","11","11","1:30.121","153,194","0,0","33.521","0,0","37.961","0,0","18.639","244,9","0.441"
"12:24:41.738","12","12","2:10.400","105,874","0,0","33.259","0,0","37.896","","","246,0","0.439"
"12:26:17.878","13","13","1:36.140","143,603","","","0,0","37.462","0,0","18.019","185,9","0.581"
"12:27:47.340","14","14","1:29.462","154,323","0,0","33.019","0,0","38.097","0,0","18.346","247,1","0.437"
"12:29:16.325","15","15","1:28.985","155,150","0,0","32.961","0,0","37.710","0,0","18.314","250,6","0.431"
"12:30:44.871","16","16","1:28.546","155,919","0,0","32.971","0,0","37.483","0,0","18.092","247,7","0.436"
"12:32:13.521","17","17","1:28.650","155,736","0,0","32.971","0,0","37.594","0,0","18.085","250,6","0.431"
"12:33:42.119","18","18","1:28.598","155,827","0,0","32.907","0,0","37.579","0,0","18.112","250,0","0.432"
"12:35:10.968","19","19","1:28.849","155,387","0,0","32.934","0,0","37.725","0,0","18.190","248,3","0.435"
"12:36:40.192","20","20","1:29.224","154,734","0,0","32.924","0,0","37.675","0,0","18.625","250,6","0.431"
"12:38:09.145","21","21","1:28.953","155,206","0,0","33.060","0,0","37.759","0,0","18.134","245,5","0.440"
"12:39:38.399","22","22","1:29.254","154,682","0,0","33.056","0,0","37.823","0,0","18.375","250,0","0.432"
"12:41:08.492","23","23","1:30.093","153,242","0,0","33.154","0,0","38.309","0,0","18.630","248,8","0.434"
"12:42:37.993","24","24","1:29.501","154,255","0,0","33.133","0,0","37.770","0,0","18.598","245,5","0.440"
"12:44:08.522","25","25","1:30.529","152,504","0,0","33.603","0,0","37.987","0,0","18.939","245,5","0.440"
"12:45:38.392","26","26","1:29.870","153,622","0,0","33.265","0,0","37.997","0,0","18.608","247,7","0.436"
"12:47:08.112","27","27","1:29.720","153,879","0,0","33.290","0,0","37.801","0,0","18.629","246,0","0.439"
"12:48:38.076","28","28","1:29.964","153,461","0,0","33.288","0,0","37.998","0,0","18.678","246,0","0.439"
"12:50:07.874","29","29","1:29.798","153,745","0,0","33.340","0,0","37.826","0,0","18.632","245,5","0.440"
"12:51:37.866","30","30","1:29.992","153,414","0,0","33.406","0,0","37.949","0,0","18.637","244,9","0.441"
"12:53:07.588","31","31","1:29.722","153,875","0,0","33.270","0,0","37.781","0,0","18.671","244,3","0.442"
"12:54:37.005","32","32","1:29.417","154,400","0,0","33.204","0,0","37.909","0,0","18.304","245,5","0.440"
"12:56:07.353","33","33","1:30.348","152,809","0,0","33.405","0,0","37.969","0,0","18.974","251,2","0.430"
51 - Atila Abreu - Stock Car PRO 2024
"12:05:17.608","1","1","1:34.208","146,548","0,0","35.858","0,0","39.430","0,0","18.920","217,7","0.496"
"12:06:47.159","2","2","1:29.551","154,169","0,0","33.538","0,0","37.817","0,0","18.196","240,5","0.449"
"12:08:16.020","3","3","1:28.861","155,366","0,0","32.976","0,0","37.739","0,0","18.146","246,0","0.439"
"12:09:44.958","4","4","1:28.938","155,232","0,0","33.098","0,0","37.636","0,0","18.204","246,0","0.439"
"12:11:13.633","5","5","1:28.675","155,692","0,0","32.876","0,0","37.622","0,0","18.177","248,3","0.435"
"12:12:42.675","6","6","1:29.042","155,050","0,0","32.914","0,0","37.862","0,0","18.266","247,7","0.436"
"12:14:39.140","7","7","1:56.465","118,542","0,0","43.295","0,0","48.744","0,0","24.426","206,9","0.522"
"12:16:50.302","8","8","2:11.162","105,259","0,0","49.583","0,0","54.332","0,0","27.247","154,9","0.697"
"12:19:13.851","9","9","2:23.549","96,176","0,0","49.197","0,0","1:10.758","0,0","23.594","139,5","0.774"
"12:21:03.648","10","10","1:49.797","125,741","0,0","40.351","0,0","50.758","0,0","18.688","176,8","0.611"
"12:22:33.396","11","11","1:29.748","153,831","0,0","33.193","0,0","37.915","0,0","18.640","242,7","0.445"
"12:24:02.819","12","12","1:29.423","154,390","0,0","33.552","0,0","37.711","0,0","18.160","242,7","0.445"
"12:25:31.602","13","13","1:28.783","155,503","0,0","33.029","0,0","37.522","0,0","18.232","248,3","0.435"
"12:27:00.777","14","14","1:29.175","154,819","0,0","33.203","0,0","37.651","0,0","18.321","248,3","0.435"
"12:28:30.240","15","15","1:29.463","154,321","0,0","33.159","0,0","38.027","0,0","18.277","247,7","0.436"
"12:30:42.256","16","16","2:12.016","104,578","0,0","33.058","0,0","37.796","","","246,6","0.438"
"12:32:18.476","17","17","1:36.220","143,484","","","0,0","37.492","0,0","18.073","186,5","0.579"
"12:33:47.177","18","18","1:28.701","155,646","0,0","33.065","0,0","37.526","0,0","18.110","246,0","0.439"
"12:35:15.952","19","19","1:28.775","155,517","0,0","33.116","0,0","37.485","0,0","18.174","248,3","0.435"
"12:36:44.547","20","20","1:28.595","155,833","0,0","32.844","0,0","37.588","0,0","18.163","247,7","0.436"
"12:38:13.209","21","21","1:28.662","155,715","0,0","33.060","0,0","37.512","0,0","18.090","247,7","0.436"
"12:39:42.034","22","22","1:28.825","155,429","0,0","33.186","0,0","37.456","0,0","18.183","247,7","0.436"
"12:41:11.924","23","23","1:29.890","153,588","0,0","33.521","0,0","38.089","0,0","18.280","248,3","0.435"
"12:42:41.213","24","24","1:29.289","154,622","0,0","33.208","0,0","37.832","0,0","18.249","247,1","0.437"
"12:44:10.424","25","25","1:29.211","154,757","0,0","33.074","0,0","37.847","0,0","18.290","248,3","0.435"
"12:45:39.966","26","26","1:29.542","154,185","0,0","33.075","0,0","37.920","0,0","18.547","246,6","0.438"
"12:47:09.968","27","27","1:30.002","153,397","0,0","33.402","0,0","38.346","0,0","18.254","249,4","0.433"
"12:48:40.170","28","28","1:30.202","153,056","0,0","33.562","0,0","38.256","0,0","18.384","248,8","0.434"
"12:50:10.042","29","29","1:29.872","153,618","0,0","33.346","0,0","38.124","0,0","18.402","246,0","0.439"
"12:51:40.282","30","30","1:30.240","152,992","0,0","33.336","0,0","38.226","0,0","18.678","248,3","0.435"
"12:53:10.832","31","31","1:30.550","152,468","0,0","33.485","0,0","38.215","0,0","18.850","243,2","0.444"
"12:54:40.907","32","32","1:30.075","153,272","0,0","33.470","0,0","38.220","0,0","18.385","244,3","0.442"
"12:56:11.405","33","33","1:30.498","152,556","0,0","33.612","0,0","38.431","0,0","18.455","247,1","0.437"
91 - Eduardo Barrichello - Stock Car PRO 2024
"12:05:19.235","1","1","1:34.773","145,674","0,0","36.625","0,0","39.255","0,0","18.893","215,1","0.502"
"12:06:49.743","2","2","1:30.508","152,539","0,0","33.454","0,0","38.345","0,0","18.709","250,0","0.432"
"12:08:19.729","3","3","1:29.986","153,424","0,0","33.291","0,0","37.764","0,0","18.931","246,0","0.439"
"12:09:50.685","4","4","1:30.956","151,788","0,0","33.931","0,0","38.324","0,0","18.701","242,7","0.445"
"12:11:19.718","5","5","1:29.033","155,066","0,0","32.946","0,0","37.493","0,0","18.594","248,3","0.435"
"12:12:49.468","6","6","1:29.750","153,827","0,0","33.183","0,0","37.586","0,0","18.981","251,2","0.430"
"12:14:47.046","7","7","1:57.578","117,420","0,0","42.110","0,0","53.003","0,0","22.465","177,0","0.610"
"12:16:55.980","8","8","2:08.934","107,078","0,0","47.653","0,0","54.298","0,0","26.983","131,7","0.820"
"12:19:22.036","9","9","2:26.056","94,525","0,0","50.215","0,0","1:14.605","0,0","21.236","119,1","0.907"
"12:21:06.747","10","10","1:44.711","131,849","0,0","41.310","0,0","44.492","0,0","18.909","171,7","0.629"
"12:22:36.716","11","11","1:29.969","153,453","0,0","33.323","0,0","37.894","0,0","18.752","242,2","0.446"
"12:24:05.933","12","12","1:29.217","154,746","0,0","33.353","0,0","37.515","0,0","18.349","244,3","0.442"
"12:25:34.980","13","13","1:29.047","155,042","0,0","32.986","0,0","37.815","0,0","18.246","247,1","0.437"
"12:27:04.053","14","14","1:29.073","154,996","0,0","33.077","0,0","37.711","0,0","18.285","247,1","0.437"
"12:28:32.767","15","15","1:28.714","155,624","0,0","33.019","0,0","37.462","0,0","18.233","245,5","0.440"
"12:30:01.877","16","16","1:29.110","154,932","0,0","33.093","0,0","37.831","0,0","18.186","246,6","0.438"
"12:31:30.560","17","17","1:28.683","155,678","0,0","33.040","0,0","37.410","0,0","18.233","246,0","0.439"
"12:33:40.078","18","18","2:09.518","106,595","0,0","32.924","0,0","37.336","","","245,5","0.440"
"12:35:17.010","19","19","1:36.932","142,430","","","0,0","37.658","0,0","18.236","186,5","0.579"
"12:36:45.570","20","20","1:28.560","155,894","0,0","33.046","0,0","37.355","0,0","18.159","246,6","0.438"
"12:38:13.655","21","21","1:28.085","156,735","0,0","32.834","0,0","37.129","0,0","18.122","247,1","0.437"
"12:39:42.699","22","22","1:29.044","155,047","0,0","32.995","0,0","37.848","0,0","18.201","247,7","0.436"
"12:41:12.641","23","23","1:29.942","153,499","0,0","33.157","0,0","38.159","0,0","18.626","247,1","0.437"
"12:42:42.091","24","24","1:29.450","154,343","0,0","33.136","0,0","38.023","0,0","18.291","242,7","0.445"
"12:44:11.035","25","25","1:28.944","155,221","0,0","33.080","0,0","37.590","0,0","18.274","248,3","0.435"
"12:45:39.821","26","26","1:28.786","155,497","0,0","33.063","0,0","37.434","0,0","18.289","247,7","0.436"
"12:47:09.660","27","27","1:29.839","153,675","0,0","33.320","0,0","37.783","0,0","18.736","247,7","0.436"
"12:48:40.066","28","28","1:30.406","152,711","0,0","33.481","0,0","38.160","0,0","18.765","243,2","0.444"
"12:50:11.213","29","29","1:31.147","151,470","0,0","33.719","0,0","38.460","0,0","18.968","242,2","0.446"
"12:51:41.746","30","30","1:30.533","152,497","0,0","33.574","0,0","38.159","0,0","18.800","242,7","0.445"
"12:53:12.421","31","31","1:30.675","152,258","0,0","33.647","0,0","38.233","0,0","18.795","242,2","0.446"
"12:54:42.540","32","32","1:30.119","153,197","0,0","33.626","0,0","38.127","0,0","18.366","243,2","0.444"
"12:56:12.820","33","33","1:30.280","152,924","0,0","33.394","0,0","37.928","0,0","18.958","245,5","0.440"
18 - Allam Khodair - Stock Car PRO 2024
"12:05:17.182","1","1","1:34.231","146,512","0,0","35.957","0,0","39.165","0,0","19.109","211,4","0.511"
"12:06:46.233","2","2","1:29.051","155,035","0,0","33.632","0,0","37.179","0,0","18.240","237,9","0.454"
"12:08:15.437","3","3","1:29.204","154,769","0,0","33.229","0,0","37.524","0,0","18.451","246,6","0.438"
"12:09:43.947","4","4","1:28.510","155,982","0,0","33.137","0,0","37.238","0,0","18.135","244,3","0.442"
"12:11:12.784","5","5","1:28.837","155,408","0,0","33.030","0,0","37.498","0,0","18.309","246,0","0.439"
"12:12:41.944","6","6","1:29.160","154,845","0,0","33.081","0,0","37.755","0,0","18.324","244,9","0.441"
"12:14:37.078","7","7","1:55.134","119,912","0,0","42.705","0,0","47.459","0,0","24.970","245,5","0.440"
"12:16:48.693","8","8","2:11.615","104,897","0,0","49.838","0,0","54.111","0,0","27.666","137,8","0.784"
"12:19:11.848","9","9","2:23.155","96,441","0,0","48.520","0,0","1:10.510","0,0","24.125","134,7","0.802"
"12:21:02.682","10","10","1:50.834","124,565","0,0","40.152","0,0","51.985","0,0","18.697","179,4","0.602"
"12:22:32.622","11","11","1:29.940","153,502","0,0","33.364","0,0","37.846","0,0","18.730","241,1","0.448"
"12:24:42.648","12","12","2:10.026","106,179","0,0","33.311","0,0","37.762","","","242,2","0.446"
"12:26:18.952","13","13","1:36.304","143,359","","","0,0","37.314","0,0","18.280","184,6","0.585"
"12:27:47.622","14","14","1:28.670","155,701","0,0","32.880","0,0","37.293","0,0","18.497","244,3","0.442"
"12:29:16.487","15","15","1:28.865","155,359","0,0","32.999","0,0","37.527","0,0","18.339","246,6","0.438"
"12:30:45.612","16","16","1:29.125","154,906","0,0","33.151","0,0","37.674","0,0","18.300","247,1","0.437"
"12:32:14.291","17","17","1:28.679","155,685","0,0","32.916","0,0","37.443","0,0","18.320","246,6","0.438"
"12:33:43.868","18","18","1:29.577","154,124","0,0","33.744","0,0","37.591","0,0","18.242","248,3","0.435"
"12:35:13.035","19","19","1:29.167","154,833","0,0","33.476","0,0","37.276","0,0","18.415","244,3","0.442"
"12:36:42.640","20","20","1:29.605","154,076","0,0","33.264","0,0","38.032","0,0","18.309","248,3","0.435"
"12:38:12.645","21","21","1:30.005","153,391","0,0","33.483","0,0","38.232","0,0","18.290","246,6","0.438"
"12:39:41.882","22","22","1:29.237","154,712","0,0","33.329","0,0","37.586","0,0","18.322","245,5","0.440"
"12:41:11.728","23","23","1:29.846","153,663","0,0","33.423","0,0","38.082","0,0","18.341","243,8","0.443"
"12:42:42.324","24","24","1:30.596","152,391","0,0","33.801","0,0","38.389","0,0","18.406","246,6","0.438"
"12:44:12.049","25","25","1:29.725","153,870","0,0","33.562","0,0","37.853","0,0","18.310","243,8","0.443"
"12:45:42.069","26","26","1:30.020","153,366","0,0","33.512","0,0","38.128","0,0","18.380","247,1","0.437"
"12:47:11.916","27","27","1:29.847","153,661","0,0","33.463","0,0","38.012","0,0","18.372","247,1","0.437"
"12:48:41.748","28","28","1:29.832","153,687","0,0","33.437","0,0","37.961","0,0","18.434","245,5","0.440"
"12:50:11.964","29","29","1:30.216","153,033","0,0","33.398","0,0","38.051","0,0","18.767","247,7","0.436"
"12:51:42.508","30","30","1:30.544","152,478","0,0","33.624","0,0","38.348","0,0","18.572","242,2","0.446"
"12:53:13.111","31","31","1:30.603","152,379","0,0","33.596","0,0","38.217","0,0","18.790","247,7","0.436"
"12:54:43.348","32","32","1:30.237","152,997","0,0","33.621","0,0","38.175","0,0","18.441","242,7","0.445"
"12:56:13.936","33","33","1:30.588","152,404","0,0","33.654","0,0","38.023","0,0","18.911","246,6","0.438"
38 - Zezinho Muggiati - Stock Car PRO 2024
"12:05:16.027","1","1","1:33.416","147,791","0,0","35.769","0,0","38.836","0,0","18.811","210,5","0.513"
"12:06:45.588","2","2","1:29.561","154,152","0,0","33.464","0,0","37.684","0,0","18.413","248,3","0.435"
"12:08:14.487","3","3","1:28.899","155,300","0,0","33.329","0,0","37.398","0,0","18.172","244,9","0.441"
"12:09:43.425","4","4","1:28.938","155,232","0,0","33.084","0,0","37.563","0,0","18.291","248,3","0.435"
"12:11:12.373","5","5","1:28.948","155,214","0,0","33.114","0,0","37.601","0,0","18.233","247,1","0.437"
"12:12:41.509","6","6","1:29.136","154,887","0,0","33.094","0,0","37.736","0,0","18.306","250,0","0.432"
"12:14:35.443","7","7","1:53.934","121,175","0,0","41.639","0,0","47.940","0,0","24.355","247,7","0.436"
"12:16:46.932","8","8","2:11.489","104,997","0,0","50.023","0,0","54.712","0,0","26.754","141,9","0.761"
"12:19:10.903","9","9","2:23.971","95,894","0,0","49.213","0,0","1:10.576","0,0","24.182","146,7","0.736"
"12:21:02.030","10","10","1:51.127","124,236","0,0","40.370","0,0","52.017","0,0","18.740","194,9","0.554"
"12:22:32.256","11","11","1:30.226","153,016","0,0","33.502","0,0","38.026","0,0","18.698","248,3","0.435"
"12:24:01.520","12","12","1:29.264","154,665","0,0","33.415","0,0","37.587","0,0","18.262","248,8","0.434"
"12:25:31.385","13","13","1:29.865","153,630","0,0","33.141","0,0","37.604","0,0","19.120","246,6","0.438"
"12:27:00.331","14","14","1:28.946","155,218","0,0","33.022","0,0","37.623","0,0","18.301","251,7","0.429"
"12:28:29.432","15","15","1:29.101","154,948","0,0","33.144","0,0","37.584","0,0","18.373","247,1","0.437"
"12:29:58.909","16","16","1:29.477","154,297","0,0","33.193","0,0","37.881","0,0","18.403","245,5","0.440"
"12:32:11.850","17","17","2:12.941","103,851","0,0","33.132","0,0","38.541","","","246,0","0.439"
"12:33:48.865","18","18","1:37.015","142,308","","","0,0","37.470","0,0","18.186","187,5","0.576"
"12:35:18.271","19","19","1:29.406","154,419","0,0","33.429","0,0","37.737","0,0","18.240","250,0","0.432"
"12:36:48.051","20","20","1:29.780","153,776","0,0","33.308","0,0","37.829","0,0","18.643","248,8","0.434"
"12:38:17.193","21","21","1:29.142","154,876","0,0","33.285","0,0","37.601","0,0","18.256","243,8","0.443"
"12:39:46.133","22","22","1:28.940","155,228","0,0","33.055","0,0","37.656","0,0","18.229","248,3","0.435"
"12:41:15.182","23","23","1:29.049","155,038","0,0","33.161","0,0","37.687","0,0","18.201","248,3","0.435"
"12:42:45.340","24","24","1:30.158","153,131","0,0","33.080","0,0","37.730","0,0","19.348","248,3","0.435"
"12:44:14.635","25","25","1:29.295","154,611","0,0","33.288","0,0","37.735","0,0","18.272","246,0","0.439"
"12:45:44.067","26","26","1:29.432","154,374","0,0","33.213","0,0","37.980","0,0","18.239","248,3","0.435"
"12:47:14.061","27","27","1:29.994","153,410","0,0","33.307","0,0","38.007","0,0","18.680","248,3","0.435"
"12:48:43.887","28","28","1:29.826","153,697","0,0","33.343","0,0","38.070","0,0","18.413","244,9","0.441"
"12:50:13.806","29","29","1:29.919","153,538","0,0","33.197","0,0","38.002","0,0","18.720","248,3","0.435"
"12:51:44.110","30","30","1:30.304","152,884","0,0","33.552","0,0","37.998","0,0","18.754","244,3","0.442"
"12:53:14.266","31","31","1:30.156","153,135","0,0","33.370","0,0","38.091","0,0","18.695","252,3","0.428"
"12:54:44.542","32","32","1:30.276","152,931","0,0","33.508","0,0","38.066","0,0","18.702","244,9","0.441"
"12:56:14.731","33","33","1:30.189","153,079","0,0","33.329","0,0","38.064","0,0","18.796","253,5","0.426"
85 - Guilherme Salas - Stock Car PRO 2024
"12:05:18.959","1","1","1:35.111","145,157","0,0","36.147","0,0","39.949","0,0","19.015","215,1","0.502"
"12:06:49.577","2","2","1:30.618","152,354","0,0","33.972","0,0","38.132","0,0","18.514","250,0","0.432"
"12:08:18.943","3","3","1:29.366","154,488","0,0","33.208","0,0","37.648","0,0","18.510","244,3","0.442"
"12:09:49.052","4","4","1:30.109","153,214","0,0","33.882","0,0","37.844","0,0","18.383","244,9","0.441"
"12:11:17.960","5","5","1:28.908","155,284","0,0","33.171","0,0","37.623","0,0","18.114","244,9","0.441"
"12:12:47.603","6","6","1:29.643","154,011","0,0","33.435","0,0","37.623","0,0","18.585","246,6","0.438"
"12:14:44.144","7","7","1:56.541","118,465","0,0","42.488","0,0","51.746","0,0","22.307","221,3","0.488"
"12:16:54.519","8","8","2:10.375","105,895","0,0","48.664","0,0","54.636","0,0","27.075","126,3","0.855"
"12:19:19.866","9","9","2:25.347","94,986","0,0","49.178","0,0","1:14.623","0,0","21.546","118,3","0.913"
"12:21:05.751","10","10","1:45.885","130,387","0,0","39.829","0,0","47.318","0,0","18.738","153,4","0.704"
"12:22:35.564","11","11","1:29.813","153,719","0,0","33.517","0,0","37.633","0,0","18.663","242,2","0.446"
"12:24:04.885","12","12","1:29.321","154,566","0,0","33.424","0,0","37.685","0,0","18.212","242,2","0.446"
"12:25:34.257","13","13","1:29.372","154,478","0,0","33.329","0,0","37.791","0,0","18.252","244,9","0.441"
"12:27:44.977","14","14","2:10.720","105,615","0,0","33.312","0,0","37.721","","","244,9","0.441"
"12:29:21.641","15","15","1:36.664","142,825","","","0,0","37.520","0,0","18.069","194,2","0.556"
"12:30:50.261","16","16","1:28.620","155,789","0,0","32.950","0,0","37.516","0,0","18.154","243,8","0.443"
"12:32:19.388","17","17","1:29.127","154,903","0,0","32.801","0,0","37.690","0,0","18.636","246,0","0.439"
"12:33:48.374","18","18","1:28.986","155,148","0,0","33.183","0,0","37.650","0,0","18.153","241,6","0.447"
"12:35:18.006","19","19","1:29.632","154,030","0,0","33.088","0,0","37.922","0,0","18.622","246,6","0.438"
"12:36:47.106","20","20","1:29.100","154,949","0,0","33.176","0,0","37.773","0,0","18.151","241,1","0.448"
"12:38:16.373","21","21","1:29.267","154,660","0,0","33.008","0,0","37.699","0,0","18.560","246,6","0.438"
"12:39:46.083","22","22","1:29.710","153,896","0,0","33.209","0,0","37.927","0,0","18.574","241,6","0.447"
"12:41:16.142","23","23","1:30.059","153,300","0,0","33.506","0,0","37.914","0,0","18.639","242,7","0.445"
"12:42:45.897","24","24","1:29.755","153,819","0,0","33.262","0,0","37.897","0,0","18.596","242,7","0.445"
"12:44:15.207","25","25","1:29.310","154,585","0,0","33.352","0,0","37.816","0,0","18.142","243,2","0.444"
"12:45:44.955","26","26","1:29.748","153,831","0,0","33.187","0,0","37.955","0,0","18.606","247,1","0.437"
"12:47:14.881","27","27","1:29.926","153,526","0,0","33.390","0,0","37.888","0,0","18.648","243,2","0.444"
"12:48:44.612","28","28","1:29.731","153,860","0,0","33.428","0,0","38.055","0,0","18.248","242,7","0.445"
"12:50:14.682","29","29","1:30.070","153,281","0,0","33.317","0,0","37.979","0,0","18.774","247,7","0.436"
"12:51:44.720","30","30","1:30.038","153,335","0,0","33.463","0,0","37.948","0,0","18.627","243,2","0.444"
"12:53:14.903","31","31","1:30.183","153,089","0,0","33.265","0,0","38.131","0,0","18.787","243,8","0.443"
"12:54:45.053","32","32","1:30.150","153,145","0,0","33.671","0,0","38.187","0,0","18.292","243,8","0.443"
"12:56:15.201","33","33","1:30.148","153,148","0,0","33.328","0,0","38.093","0,0","18.727","248,3","0.435"
28 - Enzo Elias - Stock Car PRO 2024
"12:05:17.217","1","1","1:33.785","147,209","0,0","35.667","0,0","39.116","0,0","19.002","217,7","0.496"
"12:06:48.231","2","2","1:31.014","151,691","0,0","34.228","0,0","38.375","0,0","18.411","236,3","0.457"
"12:08:18.971","3","3","1:30.740","152,149","0,0","33.426","0,0","38.565","0,0","18.749","246,6","0.438"
"12:09:49.045","4","4","1:30.074","153,274","0,0","33.650","0,0","37.763","0,0","18.661","244,3","0.442"
"12:11:19.167","5","5","1:30.122","153,192","0,0","33.516","0,0","37.968","0,0","18.638","241,1","0.448"
"12:12:49.262","6","6","1:30.095","153,238","0,0","33.447","0,0","37.769","0,0","18.879","241,6","0.447"
"12:14:45.106","7","7","1:55.844","119,178","0,0","41.487","0,0","52.019","0,0","22.338","188,2","0.574"
"12:16:55.553","8","8","2:10.447","105,836","0,0","48.601","0,0","54.377","0,0","27.469","125,1","0.863"
"12:19:21.383","9","9","2:25.830","94,672","0,0","49.372","0,0","1:14.884","0,0","21.574","116,8","0.925"
"12:21:06.191","10","10","1:44.808","131,727","0,0","41.175","0,0","44.795","0,0","18.838","168,7","0.640"
"12:22:36.482","11","11","1:30.291","152,906","0,0","33.556","0,0","37.984","0,0","18.751","242,7","0.445"
"12:24:06.715","12","12","1:30.233","153,004","0,0","33.950","0,0","37.957","0,0","18.326","242,7","0.445"
"12:26:16.272","13","13","2:09.557","106,563","0,0","33.499","0,0","37.895","","","246,0","0.439"
"12:27:54.389","14","14","1:38.117","140,710","","","0,0","38.064","0,0","18.510","185,9","0.581"
"12:29:22.991","15","15","1:28.602","155,820","0,0","32.989","0,0","37.478","0,0","18.135","244,3","0.442"
"12:30:52.090","16","16","1:29.099","154,951","0,0","32.994","0,0","37.580","0,0","18.525","247,7","0.436"
"12:32:21.078","17","17","1:28.988","155,145","0,0","33.205","0,0","37.572","0,0","18.211","241,1","0.448"
"12:33:50.236","18","18","1:29.158","154,849","0,0","33.212","0,0","37.778","0,0","18.168","246,0","0.439"
"12:35:20.054","19","19","1:29.818","153,711","0,0","33.233","0,0","37.928","0,0","18.657","247,1","0.437"
"12:36:49.219","20","20","1:29.165","154,837","0,0","33.103","0,0","37.833","0,0","18.229","244,9","0.441"
"12:38:18.197","21","21","1:28.978","155,162","0,0","32.996","0,0","37.543","0,0","18.439","247,7","0.436"
"12:39:47.479","22","22","1:29.282","154,634","0,0","33.134","0,0","37.889","0,0","18.259","246,0","0.439"
"12:41:16.727","23","23","1:29.248","154,693","0,0","33.154","0,0","37.912","0,0","18.182","246,0","0.439"
"12:42:46.285","24","24","1:29.558","154,157","0,0","33.143","0,0","38.137","0,0","18.278","248,8","0.434"
"12:44:16.141","25","25","1:29.856","153,646","0,0","33.446","0,0","38.072","0,0","18.338","248,3","0.435"
"12:45:45.575","26","26","1:29.434","154,371","0,0","33.154","0,0","38.021","0,0","18.259","247,7","0.436"
"12:47:15.199","27","27","1:29.624","154,044","0,0","33.213","0,0","38.143","0,0","18.268","248,3","0.435"
"12:48:45.326","28","28","1:30.127","153,184","0,0","33.341","0,0","38.455","0,0","18.331","248,3","0.435"
"12:50:15.172","29","29","1:29.846","153,663","0,0","33.240","0,0","38.239","0,0","18.367","247,7","0.436"
"12:51:45.298","30","30","1:30.126","153,186","0,0","33.394","0,0","38.389","0,0","18.343","249,4","0.433"
"12:53:15.148","31","31","1:29.850","153,656","0,0","33.222","0,0","38.196","0,0","18.432","247,7","0.436"
"12:54:45.668","32","32","1:30.520","152,519","0,0","33.684","0,0","38.464","0,0","18.372","248,8","0.434"
"12:56:15.749","33","33","1:30.081","153,262","0,0","33.404","0,0","38.299","0,0","18.378","247,1","0.437"
30 - Cesar Ramos - Stock Car PRO 2024
"12:05:20.072","1","1","1:35.999","143,814","0,0","36.870","0,0","39.913","0,0","19.216","203,0","0.532"
"12:06:51.784","2","2","1:31.712","150,536","0,0","33.977","0,0","39.135","0,0","18.600","243,8","0.443"
"12:08:22.274","3","3","1:30.490","152,569","0,0","33.699","0,0","37.884","0,0","18.907","245,5","0.440"
"12:09:52.643","4","4","1:30.369","152,774","0,0","33.461","0,0","38.050","0,0","18.858","242,7","0.445"
"12:11:23.095","5","5","1:30.452","152,633","0,0","33.710","0,0","38.010","0,0","18.732","244,3","0.442"
"12:12:53.018","6","6","1:29.923","153,531","0,0","33.507","0,0","37.694","0,0","18.722","243,2","0.444"
"12:14:51.522","7","7","1:58.504","116,502","0,0","42.487","0,0","53.910","0,0","22.107","190,1","0.568"
"12:17:00.401","8","8","2:08.879","107,124","0,0","47.690","0,0","54.858","0,0","26.331","156,7","0.689"
"12:19:27.956","9","9","2:27.555","93,565","0,0","49.994","0,0","1:15.192","0,0","22.369","124,4","0.868"
"12:21:09.833","10","10","1:41.877","135,516","0,0","39.859","0,0","43.127","0,0","18.891","177,3","0.609"
"12:22:39.961","11","11","1:30.128","153,182","0,0","33.491","0,0","37.917","0,0","18.720","242,2","0.446"
"12:24:49.062","12","12","2:09.101","106,940","0,0","33.455","0,0","37.646","","","243,8","0.443"
"12:26:25.934","13","13","1:36.872","142,518","","","0,0","37.734","0,0","18.234","186,2","0.580"
"12:27:55.054","14","14","1:29.120","154,915","0,0","32.680","0,0","37.993","0,0","18.447","246,0","0.439"
"12:29:24.239","15","15","1:29.185","154,802","0,0","33.435","0,0","37.506","0,0","18.244","248,3","0.435"
"12:30:53.075","16","16","1:28.836","155,410","0,0","33.038","0,0","37.610","0,0","18.188","250,6","0.431"
"12:32:22.192","17","17","1:29.117","154,920","0,0","33.194","0,0","37.528","0,0","18.395","250,0","0.432"
"12:33:51.474","18","18","1:29.282","154,634","0,0","33.514","0,0","37.551","0,0","18.217","247,1","0.437"
"12:35:21.518","19","19","1:30.044","153,325","0,0","33.186","0,0","38.148","0,0","18.710","247,7","0.436"
"12:36:51.321","20","20","1:29.803","153,737","0,0","33.227","0,0","37.990","0,0","18.586","244,9","0.441"
"12:38:21.041","21","21","1:29.720","153,879","0,0","33.090","0,0","38.038","0,0","18.592","244,9","0.441"
"12:39:50.140","22","22","1:29.099","154,951","0,0","33.153","0,0","37.680","0,0","18.266","244,9","0.441"
"12:41:19.695","23","23","1:29.555","154,162","0,0","33.069","0,0","38.251","0,0","18.235","250,0","0.432"
"12:42:49.010","24","24","1:29.315","154,576","0,0","33.106","0,0","38.015","0,0","18.194","248,8","0.434"
"12:44:18.392","25","25","1:29.382","154,461","0,0","33.177","0,0","37.999","0,0","18.206","248,3","0.435"
"12:45:47.960","26","26","1:29.568","154,140","0,0","33.087","0,0","38.094","0,0","18.387","247,7","0.436"
"12:47:17.413","27","27","1:29.453","154,338","0,0","33.026","0,0","38.156","0,0","18.271","248,8","0.434"
"12:48:46.857","28","28","1:29.444","154,354","0,0","33.096","0,0","38.125","0,0","18.223","249,4","0.433"
"12:50:16.904","29","29","1:30.047","153,320","0,0","33.520","0,0","38.255","0,0","18.272","249,4","0.433"
"12:51:46.687","30","30","1:29.783","153,771","0,0","33.301","0,0","38.170","0,0","18.312","252,3","0.428"
"12:53:16.248","31","31","1:29.561","154,152","0,0","33.190","0,0","38.079","0,0","18.292","248,3","0.435"
"12:54:46.571","32","32","1:30.323","152,851","0,0","33.286","0,0","38.350","0,0","18.687","248,8","0.434"
"12:56:16.466","33","33","1:29.895","153,579","0,0","33.334","0,0","38.199","0,0","18.362","243,8","0.443"
0 - Caca Bueno - Stock Car PRO 2024
"12:05:18.067","1","1","1:34.490","146,111","0,0","35.894","0,0","39.534","0,0","19.062","213,4","0.506"
"12:06:47.871","2","2","1:29.804","153,735","0,0","33.611","0,0","37.757","0,0","18.436","240,0","0.450"
"12:08:16.440","3","3","1:28.569","155,878","0,0","33.116","0,0","37.155","0,0","18.298","245,5","0.440"
"12:09:45.332","4","4","1:28.892","155,312","0,0","33.154","0,0","37.389","0,0","18.349","247,1","0.437"
"12:11:14.604","5","5","1:29.272","154,651","0,0","32.890","0,0","37.772","0,0","18.610","247,7","0.436"
"12:12:43.550","6","6","1:28.946","155,218","0,0","33.152","0,0","37.352","0,0","18.442","241,6","0.447"
"12:14:41.220","7","7","1:57.670","117,328","0,0","44.035","0,0","50.472","0,0","23.163","195,3","0.553"
"12:16:51.628","8","8","2:10.408","105,868","0,0","48.815","0,0","54.764","0,0","26.829","137,8","0.784"
"12:19:15.925","9","9","2:24.297","95,678","0,0","49.455","0,0","1:12.680","0,0","22.162","121,6","0.888"
"12:21:04.277","10","10","1:48.352","127,418","0,0","41.027","0,0","48.584","0,0","18.741","143,4","0.753"
"12:22:34.260","11","11","1:29.983","153,429","0,0","33.232","0,0","37.862","0,0","18.889","241,1","0.448"
"12:24:03.191","12","12","1:28.931","155,244","0,0","33.314","0,0","37.330","0,0","18.287","248,8","0.434"
"12:25:31.951","13","13","1:28.760","155,543","0,0","33.043","0,0","37.371","0,0","18.346","248,3","0.435"
"12:27:00.984","14","14","1:29.033","155,066","0,0","33.178","0,0","37.572","0,0","18.283","250,0","0.432"
"12:28:31.315","15","15","1:30.331","152,838","0,0","33.181","0,0","38.784","0,0","18.366","250,6","0.431"
"12:30:00.733","16","16","1:29.418","154,398","0,0","33.129","0,0","37.893","0,0","18.396","248,8","0.434"
"12:32:14.106","17","17","2:13.373","103,514","0,0","33.095","0,0","37.529","","","248,8","0.434"
"12:33:50.780","18","18","1:36.674","142,810","","","0,0","37.187","0,0","18.271","185,9","0.581"
"12:35:20.404","19","19","1:29.624","154,044","0,0","33.377","0,0","37.200","0,0","19.047","248,8","0.434"
"12:36:50.356","20","20","1:29.952","153,482","0,0","33.177","0,0","38.039","0,0","18.736","244,9","0.441"
"12:38:20.107","21","21","1:29.751","153,826","0,0","33.238","0,0","37.824","0,0","18.689","242,7","0.445"
"12:39:49.549","22","22","1:29.442","154,357","0,0","33.247","0,0","37.895","0,0","18.300","242,2","0.446"
"12:41:18.739","23","23","1:29.190","154,793","0,0","32.916","0,0","37.698","0,0","18.576","246,6","0.438"
"12:42:48.276","24","24","1:29.537","154,193","0,0","33.184","0,0","37.783","0,0","18.570","242,2","0.446"
"12:44:17.724","25","25","1:29.448","154,347","0,0","33.336","0,0","37.860","0,0","18.252","243,2","0.444"
"12:45:47.268","26","26","1:29.544","154,181","0,0","33.075","0,0","37.853","0,0","18.616","246,0","0.439"
"12:47:16.549","27","27","1:29.281","154,635","0,0","33.202","0,0","37.795","0,0","18.284","243,2","0.444"
"12:48:46.478","28","28","1:29.929","153,521","0,0","33.159","0,0","38.079","0,0","18.691","246,0","0.439"
"12:50:16.856","29","29","1:30.378","152,758","0,0","33.590","0,0","37.987","0,0","18.801","242,2","0.446"
"12:51:47.771","30","30","1:30.915","151,856","0,0","33.654","0,0","38.425","0,0","18.836","241,6","0.447"
"12:53:18.515","31","31","1:30.744","152,142","0,0","33.745","0,0","38.187","0,0","18.812","242,7","0.445"
"12:54:49.055","32","32","1:30.540","152,485","0,0","33.653","0,0","38.138","0,0","18.749","242,7","0.445"
"12:56:18.833","33","33","1:29.778","153,779","0,0","33.658","0,0","37.851","0,0","18.269","241,6","0.447"
8 - Rafael Suzuki - Stock Car PRO 2024
"12:05:18.451","1","1","1:35.497","144,570","0,0","36.303","0,0","39.948","0,0","19.246","212,2","0.509"
"12:06:49.204","2","2","1:30.753","152,127","0,0","34.030","0,0","38.291","0,0","18.432","240,0","0.450"
"12:08:19.193","3","3","1:29.989","153,419","0,0","33.309","0,0","37.981","0,0","18.699","248,3","0.435"
"12:09:49.970","4","4","1:30.777","152,087","0,0","33.999","0,0","38.048","0,0","18.730","248,3","0.435"
"12:11:19.868","5","5","1:29.898","153,574","0,0","33.218","0,0","37.889","0,0","18.791","242,7","0.445"
"12:12:50.298","6","6","1:30.430","152,671","0,0","33.349","0,0","38.255","0,0","18.826","244,9","0.441"
"12:14:48.560","7","7","1:58.262","116,741","0,0","42.635","0,0","53.183","0,0","22.444","180,9","0.597"
"12:16:57.300","8","8","2:08.740","107,239","0,0","47.786","0,0","54.702","0,0","26.252","146,5","0.737"
"12:19:23.194","9","9","2:25.894","94,630","0,0","50.815","0,0","1:14.345","0,0","20.734","129,0","0.837"
"12:21:07.842","10","10","1:44.648","131,928","0,0","41.966","0,0","43.992","0,0","18.690","179,7","0.601"
"12:23:16.902","11","11","2:09.060","106,974","0,0","33.308","0,0","37.928","","","246,0","0.439"
"12:24:54.293","12","12","1:37.391","141,758","","","0,0","37.775","0,0","18.214","186,5","0.579"
"12:26:24.324","13","13","1:30.031","153,347","0,0","33.267","0,0","37.966","0,0","18.798","246,0","0.439"
"12:27:55.115","14","14","1:30.791","152,064","0,0","33.772","0,0","38.200","0,0","18.819","243,8","0.443"
"12:29:26.125","15","15","1:31.010","151,698","0,0","34.251","0,0","38.314","0,0","18.445","243,2","0.444"
"12:30:55.745","16","16","1:29.620","154,050","0,0","33.165","0,0","37.762","0,0","18.693","246,6","0.438"
"12:32:25.729","17","17","1:29.984","153,427","0,0","33.556","0,0","37.814","0,0","18.614","243,8","0.443"
"12:33:55.639","18","18","1:29.910","153,554","0,0","33.259","0,0","37.982","0,0","18.669","243,8","0.443"
"12:35:25.834","19","19","1:30.195","153,068","0,0","33.407","0,0","38.074","0,0","18.714","242,7","0.445"
"12:36:55.656","20","20","1:29.822","153,704","0,0","33.263","0,0","37.872","0,0","18.687","243,2","0.444"
"12:38:24.973","21","21","1:29.317","154,573","0,0","33.211","0,0","37.881","0,0","18.225","243,2","0.444"
"12:39:55.068","22","22","1:30.095","153,238","0,0","33.278","0,0","38.162","0,0","18.655","247,1","0.437"
"12:41:24.707","23","23","1:29.639","154,018","0,0","33.387","0,0","37.993","0,0","18.259","243,8","0.443"
"12:42:54.150","24","24","1:29.443","154,355","0,0","33.166","0,0","38.031","0,0","18.246","247,1","0.437"
"12:44:23.869","25","25","1:29.719","153,880","0,0","33.352","0,0","37.976","0,0","18.391","247,1","0.437"
"12:45:53.791","26","26","1:29.922","153,533","0,0","33.290","0,0","38.133","0,0","18.499","247,1","0.437"
"12:47:24.077","27","27","1:30.286","152,914","0,0","33.307","0,0","38.339","0,0","18.640","247,7","0.436"
"12:48:53.950","28","28","1:29.873","153,617","0,0","33.269","0,0","38.201","0,0","18.403","252,9","0.427"
"12:50:24.084","29","29","1:30.134","153,172","0,0","33.656","0,0","38.058","0,0","18.420","248,8","0.434"
"12:51:54.126","30","30","1:30.042","153,328","0,0","33.347","0,0","38.306","0,0","18.389","251,2","0.430"
"12:53:24.610","31","31","1:30.484","152,579","0,0","33.507","0,0","38.096","0,0","18.881","246,6","0.438"
"12:54:55.181","32","32","1:30.571","152,433","0,0","33.655","0,0","38.125","0,0","18.791","243,2","0.444"
"12:56:25.740","33","33","1:30.559","152,453","0,0","33.417","0,0","38.263","0,0","18.879","251,2","0.430"
101 - Gianluca Petecof - Stock Car PRO 2024
"12:05:21.155","1","1","1:37.128","142,142","0,0","36.479","0,0","41.819","0,0","18.830","208,1","0.519"
"12:06:51.470","2","2","1:30.315","152,865","0,0","33.264","0,0","38.449","0,0","18.602","247,1","0.437"
"12:08:20.676","3","3","1:29.206","154,765","0,0","33.289","0,0","37.760","0,0","18.157","246,6","0.438"
"12:09:50.722","4","4","1:30.046","153,322","0,0","33.245","0,0","38.082","0,0","18.719","246,6","0.438"
"12:11:20.403","5","5","1:29.681","153,946","0,0","33.613","0,0","37.728","0,0","18.340","243,8","0.443"
"12:12:49.904","6","6","1:29.501","154,255","0,0","33.173","0,0","37.615","0,0","18.713","247,7","0.436"
"12:14:47.943","7","7","1:58.039","116,961","0,0","42.547","0,0","52.980","0,0","22.512","177,3","0.609"
"12:16:56.588","8","8","2:08.645","107,319","0,0","47.542","0,0","54.286","0,0","26.817","136,7","0.790"
"12:19:22.546","9","9","2:25.958","94,589","0,0","50.565","0,0","1:14.344","0,0","21.049","126,0","0.857"
"12:21:07.405","10","10","1:44.859","131,663","0,0","41.915","0,0","44.175","0,0","18.769","173,1","0.624"
"12:22:37.335","11","11","1:29.930","153,519","0,0","33.294","0,0","37.845","0,0","18.791","243,2","0.444"
"12:24:46.134","12","12","2:08.799","107,190","0,0","33.481","0,0","37.951","","","248,8","0.434"
"12:26:23.590","13","13","1:37.456","141,664","","","0,0","37.985","0,0","18.486","185,9","0.581"
"12:27:52.914","14","14","1:29.324","154,561","0,0","33.409","0,0","37.723","0,0","18.192","243,8","0.443"
"12:29:22.524","15","15","1:29.610","154,068","0,0","33.579","0,0","37.827","0,0","18.204","243,8","0.443"
"12:30:52.116","16","16","1:29.592","154,099","0,0","33.225","0,0","37.710","0,0","18.657","245,5","0.440"
"12:32:22.365","17","17","1:30.249","152,977","0,0","33.601","0,0","37.909","0,0","18.739","244,3","0.442"
"12:33:52.451","18","18","1:30.086","153,254","0,0","33.767","0,0","38.015","0,0","18.304","246,6","0.438"
"12:35:22.355","19","19","1:29.904","153,564","0,0","33.448","0,0","38.138","0,0","18.318","246,6","0.438"
"12:36:52.231","20","20","1:29.876","153,612","0,0","33.508","0,0","38.082","0,0","18.286","246,6","0.438"
"12:38:21.695","21","21","1:29.464","154,319","0,0","33.441","0,0","37.770","0,0","18.253","246,6","0.438"
"12:39:51.528","22","22","1:29.833","153,685","0,0","33.500","0,0","37.991","0,0","18.342","247,1","0.437"
"12:41:22.131","23","23","1:30.603","152,379","0,0","33.503","0,0","38.751","0,0","18.349","247,1","0.437"
"12:42:52.449","24","24","1:30.318","152,860","0,0","33.677","0,0","38.280","0,0","18.361","246,0","0.439"
"12:44:22.837","25","25","1:30.388","152,742","0,0","33.686","0,0","38.386","0,0","18.316","246,6","0.438"
"12:45:53.002","26","26","1:30.165","153,119","0,0","33.683","0,0","38.117","0,0","18.365","243,8","0.443"
"12:47:23.149","27","27","1:30.147","153,150","0,0","33.616","0,0","38.177","0,0","18.354","244,9","0.441"
"12:48:53.458","28","28","1:30.309","152,875","0,0","33.524","0,0","38.264","0,0","18.521","246,0","0.439"
"12:50:23.817","29","29","1:30.359","152,791","0,0","33.714","0,0","38.209","0,0","18.436","243,8","0.443"
"12:51:54.859","30","30","1:31.042","151,644","0,0","34.046","0,0","38.474","0,0","18.522","246,0","0.439"
"12:53:25.145","31","31","1:30.286","152,914","0,0","33.690","0,0","38.194","0,0","18.402","246,0","0.439"
"12:54:56.069","32","32","1:30.924","151,841","0,0","33.637","0,0","38.435","0,0","18.852","246,0","0.439"
"12:56:27.266","33","33","1:31.197","151,387","0,0","33.888","0,0","38.479","0,0","18.830","242,2","0.446"
81 - Arthur Leist - Stock Car PRO 2024
"12:05:19.018","1","1","1:35.418","144,690","0,0","36.213","0,0","39.827","0,0","19.378","217,3","0.497"
"12:06:50.744","2","2","1:31.726","150,513","0,0","34.169","0,0","38.447","0,0","19.110","242,2","0.446"
"12:08:20.725","3","3","1:29.981","153,432","0,0","33.712","0,0","37.721","0,0","18.548","241,1","0.448"
"12:09:51.575","4","4","1:30.850","151,965","0,0","33.437","0,0","38.313","0,0","19.100","238,9","0.452"
"12:11:21.685","5","5","1:30.110","153,213","0,0","33.377","0,0","37.974","0,0","18.759","241,6","0.447"
"12:12:51.452","6","6","1:29.767","153,798","0,0","33.311","0,0","37.712","0,0","18.744","241,6","0.447"
"12:14:50.270","7","7","1:58.818","116,195","0,0","42.781","0,0","53.634","0,0","22.403","177,6","0.608"
"12:16:58.962","8","8","2:08.692","107,279","0,0","47.702","0,0","55.565","0,0","25.425","167,2","0.646"
"12:19:25.390","9","9","2:26.428","94,285","0,0","50.395","0,0","1:15.673","0,0","20.360","121,6","0.888"
"12:21:08.869","10","10","1:43.479","133,418","0,0","41.022","0,0","43.982","0,0","18.475","159,8","0.676"
"12:22:39.279","11","11","1:30.410","152,704","0,0","33.548","0,0","37.982","0,0","18.880","244,9","0.441"
"12:24:09.249","12","12","1:29.970","153,451","0,0","33.402","0,0","37.768","0,0","18.800","239,5","0.451"
"12:25:38.557","13","13","1:29.308","154,589","0,0","33.365","0,0","37.628","0,0","18.315","238,4","0.453"
"12:27:47.165","14","14","2:08.608","107,349","0,0","33.269","0,0","37.736","","","244,9","0.441"
"12:29:28.244","15","15","1:41.079","136,586","","","0,0","38.928","0,0","19.596","175,0","0.617"
"12:31:01.642","16","16","1:33.398","147,819","0,0","34.363","0,0","39.461","0,0","19.574","223,1","0.484"
"12:32:32.873","17","17","1:31.231","151,330","0,0","34.279","0,0","38.225","0,0","18.727","225,9","0.478"
"12:34:03.915","18","18","1:31.042","151,644","0,0","33.258","0,0","38.452","0,0","19.332","240,5","0.449"
"12:35:35.142","19","19","1:31.227","151,337","0,0","34.460","0,0","38.001","0,0","18.766","225,5","0.479"
"12:37:05.224","20","20","1:30.082","153,260","0,0","33.638","0,0","37.755","0,0","18.689","230,8","0.468"
"12:38:36.985","21","21","1:31.761","150,456","0,0","34.038","0,0","38.694","0,0","19.029","234,8","0.460"
"12:40:07.776","22","22","1:30.791","152,064","0,0","34.209","0,0","37.840","0,0","18.742","230,8","0.468"
"12:41:38.072","23","23","1:30.296","152,897","0,0","33.559","0,0","38.171","0,0","18.566","241,1","0.448"
"12:43:07.701","24","24","1:29.629","154,035","0,0","33.425","0,0","37.821","0,0","18.383","246,0","0.439"
"12:44:38.086","25","25","1:30.385","152,747","0,0","33.604","0,0","38.304","0,0","18.477","239,5","0.451"
"12:46:08.045","26","26","1:29.959","153,470","0,0","33.461","0,0","38.070","0,0","18.428","246,0","0.439"
"12:47:37.980","27","27","1:29.935","153,511","0,0","33.445","0,0","38.012","0,0","18.478","246,0","0.439"
"12:49:08.543","28","28","1:30.563","152,446","0,0","33.759","0,0","38.028","0,0","18.776","236,3","0.457"
"12:50:40.060","29","29","1:31.517","150,857","0,0","34.110","0,0","38.422","0,0","18.985","246,6","0.438"
"12:52:10.424","30","30","1:30.364","152,782","0,0","33.636","0,0","38.270","0,0","18.458","241,1","0.448"
"12:53:41.863","31","31","1:31.439","150,986","0,0","34.506","0,0","38.134","0,0","18.799","238,9","0.452"
"12:55:11.997","32","32","1:30.134","153,172","0,0","33.470","0,0","38.131","0,0","18.533","248,3","0.435"
"12:56:42.389","33","33","1:30.392","152,735","0,0","33.613","0,0","38.151","0,0","18.628","243,2","0.444"
35 - Gabriel Robe - Stock Car PRO 2024
"12:05:19.397","1","1","1:35.545","144,497","0,0","35.941","0,0","40.157","0,0","19.447","216,4","0.499"
"12:06:50.094","2","2","1:30.697","152,221","0,0","34.043","0,0","38.195","0,0","18.459","243,2","0.444"
"12:08:19.754","3","3","1:29.660","153,982","0,0","33.346","0,0","37.771","0,0","18.543","246,0","0.439"
"12:09:50.751","4","4","1:30.997","151,719","0,0","33.704","0,0","38.538","0,0","18.755","251,7","0.429"
"12:11:28.011","5","5","1:37.260","141,949","0,0","40.706","0,0","37.913","0,0","18.641","242,7","0.445"
"12:12:57.881","6","6","1:29.870","153,622","0,0","33.330","0,0","37.924","0,0","18.616","240,0","0.450"
"12:14:55.655","7","7","1:57.774","117,225","0,0","39.603","0,0","55.404","0,0","22.767","220,4","0.490"
"12:17:03.040","8","8","2:07.385","108,380","0,0","45.406","0,0","56.216","0,0","25.763","158,8","0.680"
"12:19:31.368","9","9","2:28.328","93,078","0,0","49.990","0,0","1:18.779","0,0","19.559","108,0","1.000"
"12:21:11.400","10","10","1:40.032","138,016","0,0","39.614","0,0","41.688","0,0","18.730","184,6","0.585"
"12:22:41.329","11","11","1:29.929","153,521","0,0","33.494","0,0","38.025","0,0","18.410","241,1","0.448"
"12:25:03.639","12","12","2:22.310","97,014","0,0","33.247","0,0","38.032","","","244,3","0.442"
"12:26:41.098","13","13","1:37.459","141,660","","","0,0","37.613","0,0","18.263","183,4","0.589"
"12:28:10.273","14","14","1:29.175","154,819","0,0","33.324","0,0","37.611","0,0","18.240","241,1","0.448"
"12:29:39.230","15","15","1:28.957","155,199","0,0","33.224","0,0","37.500","0,0","18.233","243,8","0.443"
"12:31:08.075","16","16","1:28.845","155,394","0,0","33.172","0,0","37.455","0,0","18.218","244,3","0.442"
"12:32:37.396","17","17","1:29.321","154,566","0,0","33.175","0,0","37.752","0,0","18.394","245,5","0.440"
"12:34:06.916","18","18","1:29.520","154,223","0,0","33.224","0,0","38.016","0,0","18.280","245,5","0.440"
"12:35:36.391","19","19","1:29.475","154,300","0,0","33.360","0,0","37.784","0,0","18.331","243,8","0.443"
"12:37:05.640","20","20","1:29.249","154,691","0,0","33.296","0,0","37.634","0,0","18.319","247,1","0.437"
"12:38:36.149","21","21","1:30.509","152,537","0,0","33.280","0,0","38.757","0,0","18.472","247,7","0.436"
"12:40:05.640","22","22","1:29.491","154,272","0,0","33.342","0,0","37.887","0,0","18.262","246,6","0.438"
"12:41:36.936","23","23","1:31.296","151,222","0,0","34.162","0,0","38.521","0,0","18.613","246,6","0.438"
"12:43:07.279","24","24","1:30.343","152,818","0,0","33.348","0,0","38.166","0,0","18.829","244,9","0.441"
"12:44:37.235","25","25","1:29.956","153,475","0,0","33.725","0,0","37.903","0,0","18.328","241,6","0.447"
"12:46:07.293","26","26","1:30.058","153,301","0,0","33.623","0,0","38.039","0,0","18.396","245,5","0.440"
"12:47:37.649","27","27","1:30.356","152,796","0,0","33.560","0,0","38.054","0,0","18.742","246,0","0.439"
"12:49:08.374","28","28","1:30.725","152,174","0,0","33.712","0,0","38.279","0,0","18.734","241,1","0.448"
"12:50:39.448","29","29","1:31.074","151,591","0,0","33.933","0,0","38.283","0,0","18.858","244,3","0.442"
"12:52:10.378","30","30","1:30.930","151,831","0,0","33.720","0,0","38.314","0,0","18.896","240,5","0.449"
"12:53:41.700","31","31","1:31.322","151,179","0,0","34.253","0,0","38.334","0,0","18.735","240,5","0.449"
"12:55:13.160","32","32","1:31.460","150,951","0,0","34.195","0,0","38.323","0,0","18.942","244,9","0.441"
"12:56:44.365","33","33","1:31.205","151,373","0,0","34.055","0,0","38.267","0,0","18.883","241,1","0.448"
10 - Ricardo Zonta - Stock Car PRO 2024
"12:05:21.008","1","1","1:33.877","147,065","0,0","35.676","0,0","39.126","0,0","19.075","205,7","0.525"
"12:06:52.978","2","2","1:31.970","150,114","0,0","33.946","0,0","38.919","0,0","19.105","233,8","0.462"
"12:08:23.458","3","3","1:30.480","152,586","0,0","33.771","0,0","37.882","0,0","18.827","231,8","0.466"
"12:09:53.920","4","4","1:30.462","152,617","0,0","33.530","0,0","38.016","0,0","18.916","233,8","0.462"
"12:11:24.319","5","5","1:30.399","152,723","0,0","33.539","0,0","37.986","0,0","18.874","232,8","0.464"
"12:12:54.360","6","6","1:30.041","153,330","0,0","33.383","0,0","37.772","0,0","18.886","233,8","0.462"
"12:14:52.893","7","7","1:58.533","116,474","0,0","41.963","0,0","55.414","0,0","21.156","203,4","0.531"
"12:17:01.193","8","8","2:08.300","107,607","0,0","47.282","0,0","55.623","0,0","25.395","145,2","0.744"
"12:19:28.627","9","9","2:27.434","93,642","0,0","50.201","0,0","1:16.458","0,0","20.775","112,4","0.961"
"12:21:10.766","10","10","1:42.139","135,169","0,0","40.788","0,0","42.457","0,0","18.894","166,2","0.650"
"12:23:21.940","11","11","2:11.174","105,250","0,0","33.457","0,0","38.007","","","233,8","0.462"
"12:24:59.629","12","12","1:37.689","141,326","","","0,0","38.215","0,0","18.589","179,4","0.602"
"12:26:29.657","13","13","1:30.028","153,352","0,0","33.305","0,0","38.117","0,0","18.606","234,8","0.460"
"12:27:59.686","14","14","1:30.029","153,351","0,0","33.269","0,0","38.076","0,0","18.684","235,8","0.458"
"12:29:29.705","15","15","1:30.019","153,368","0,0","33.275","0,0","38.095","0,0","18.649","236,8","0.456"
"12:31:00.345","16","16","1:30.640","152,317","0,0","33.486","0,0","38.477","0,0","18.677","237,9","0.454"
"12:32:30.582","17","17","1:30.237","152,997","0,0","33.351","0,0","38.242","0,0","18.644","239,5","0.451"
"12:34:01.054","18","18","1:30.472","152,600","0,0","33.453","0,0","38.293","0,0","18.726","238,9","0.452"
"12:35:31.520","19","19","1:30.466","152,610","0,0","33.440","0,0","38.310","0,0","18.716","237,9","0.454"
"12:37:02.483","20","20","1:30.963","151,776","0,0","33.469","0,0","38.700","0,0","18.794","238,4","0.453"
"12:38:33.948","21","21","1:31.465","150,943","0,0","33.680","0,0","38.687","0,0","19.098","237,4","0.455"
"12:40:05.567","22","22","1:31.619","150,689","0,0","33.737","0,0","38.899","0,0","18.983","238,4","0.453"
"12:41:37.897","23","23","1:32.330","149,529","0,0","34.430","0,0","39.044","0,0","18.856","237,4","0.455"
"12:43:10.034","24","24","1:32.137","149,842","0,0","34.057","0,0","38.940","0,0","19.140","236,8","0.456"
"12:44:41.536","25","25","1:31.502","150,882","0,0","33.878","0,0","38.850","0,0","18.774","233,3","0.463"
"12:46:12.676","26","26","1:31.140","151,481","0,0","34.060","0,0","38.399","0,0","18.681","237,4","0.455"
"12:47:43.604","27","27","1:30.928","151,834","0,0","33.711","0,0","38.424","0,0","18.793","236,8","0.456"
"12:49:14.578","28","28","1:30.974","151,758","0,0","33.621","0,0","38.564","0,0","18.789","237,4","0.455"
"12:50:45.483","29","29","1:30.905","151,873","0,0","33.698","0,0","38.423","0,0","18.784","236,3","0.457"
"12:52:16.401","30","30","1:30.918","151,851","0,0","33.748","0,0","38.461","0,0","18.709","237,4","0.455"
"12:53:47.095","31","31","1:30.694","152,226","0,0","33.691","0,0","38.282","0,0","18.721","237,4","0.455"
"12:55:17.954","32","32","1:30.859","151,950","0,0","33.889","0,0","38.262","0,0","18.708","237,4","0.455"
"12:56:49.064","33","33","1:31.110","151,531","0,0","34.016","0,0","38.378","0,0","18.716","237,4","0.455"
21 - Thiago Camilo - Stock Car PRO 2024
"12:05:15.788","1","1","1:33.196","148,139","0,0","35.890","0,0","38.454","0,0","18.852","208,9","0.517"
"12:06:45.585","2","2","1:29.797","153,747","0,0","33.249","0,0","37.803","0,0","18.745","242,7","0.445"
"12:08:15.579","3","3","1:29.994","153,410","0,0","33.482","0,0","37.743","0,0","18.769","239,5","0.451"
"12:09:44.498","4","4","1:28.919","155,265","0,0","33.235","0,0","37.584","0,0","18.100","242,2","0.446"
"12:11:13.090","5","5","1:28.592","155,838","0,0","32.908","0,0","37.543","0,0","18.141","247,1","0.437"
"12:12:42.573","6","6","1:29.483","154,286","0,0","33.018","0,0","37.819","0,0","18.646","247,7","0.436"
"12:14:38.255","7","7","1:55.682","119,344","0,0","42.803","0,0","48.391","0,0","24.488","231,8","0.466"
"12:16:49.371","8","8","2:11.116","105,296","0,0","49.445","0,0","54.499","0,0","27.172","141,7","0.762"
"12:19:12.549","9","9","2:23.178","96,425","0,0","48.972","0,0","1:10.458","0,0","23.748","141,2","0.765"
"12:21:03.047","10","10","1:50.498","124,943","0,0","40.358","0,0","51.380","0,0","18.760","180,0","0.600"
"12:23:15.276","11","11","2:12.229","104,410","0,0","33.278","0,0","37.940","","","241,6","0.447"
"12:24:52.969","12","12","1:37.693","141,320","","","0,0","37.486","0,0","18.364","179,7","0.601"
"12:26:23.435","13","13","1:30.466","152,610","0,0","33.768","0,0","38.163","0,0","18.535","235,3","0.459"
"12:27:54.860","14","14","1:31.425","151,009","0,0","34.050","0,0","38.223","0,0","19.152","236,8","0.456"
"12:29:25.984","15","15","1:31.124","151,508","0,0","34.255","0,0","38.318","0,0","18.551","240,5","0.449"
"12:30:57.344","16","16","1:31.360","151,116","0,0","33.956","0,0","38.547","0,0","18.857","246,6","0.438"
"12:32:28.282","17","17","1:30.938","151,818","0,0","33.962","0,0","38.373","0,0","18.603","254,1","0.425"
"12:33:59.139","18","18","1:30.857","151,953","0,0","33.939","0,0","38.359","0,0","18.559","250,0","0.432"
"12:35:30.655","19","19","1:31.516","150,859","0,0","34.053","0,0","38.528","0,0","18.935","248,3","0.435"
"12:37:01.760","20","20","1:31.105","151,539","0,0","34.080","0,0","38.475","0,0","18.550","244,3","0.442"
"12:38:33.189","21","21","1:31.429","151,002","0,0","34.171","0,0","38.612","0,0","18.646","246,6","0.438"
"12:40:05.303","22","22","1:32.114","149,879","0,0","34.341","0,0","38.770","0,0","19.003","247,1","0.437"
"12:41:37.456","23","23","1:32.153","149,816","0,0","34.308","0,0","38.725","0,0","19.120","244,9","0.441"
"12:43:09.492","24","24","1:32.036","150,007","0,0","34.318","0,0","38.795","0,0","18.923","246,0","0.439"
"12:44:41.259","25","25","1:31.767","150,446","0,0","34.193","0,0","38.652","0,0","18.922","246,0","0.439"
"12:46:13.479","26","26","1:32.220","149,707","0,0","34.348","0,0","38.976","0,0","18.896","245,5","0.440"
"12:47:45.426","27","27","1:31.947","150,152","0,0","34.376","0,0","38.542","0,0","19.029","246,6","0.438"
"12:49:17.477","28","28","1:32.051","149,982","0,0","34.262","0,0","38.766","0,0","19.023","244,9","0.441"
"12:50:50.000","29","29","1:32.523","149,217","0,0","34.560","0,0","38.841","0,0","19.122","244,9","0.441"
"12:52:22.537","30","30","1:32.537","149,194","0,0","34.640","0,0","38.857","0,0","19.040","244,3","0.442"
"12:53:55.392","31","31","1:32.855","148,683","0,0","34.548","0,0","39.153","0,0","19.154","244,9","0.441"
"12:55:29.500","32","32","1:34.108","146,704","0,0","34.978","0,0","39.683","0,0","19.447","240,5","0.449"
"12:57:05.501","33","33","1:36.001","143,811","0,0","35.110","0,0","40.538","0,0","20.353","235,8","0.458"
95 - Lucas Kohl - Stock Car PRO 2024
"12:05:20.237","1","1","1:35.330","144,823","0,0","35.821","0,0","40.273","0,0","19.236","228,3","0.473"
"12:06:51.921","2","2","1:31.684","150,582","0,0","34.014","0,0","38.977","0,0","18.693","244,9","0.441"
"12:08:22.100","3","3","1:30.179","153,096","0,0","33.771","0,0","37.850","0,0","18.558","248,8","0.434"
"12:09:51.429","4","4","1:29.329","154,552","0,0","33.154","0,0","37.810","0,0","18.365","247,1","0.437"
"12:11:20.886","5","5","1:29.457","154,331","0,0","33.204","0,0","37.970","0,0","18.283","246,6","0.438"
"12:12:50.432","6","6","1:29.546","154,178","0,0","33.159","0,0","38.015","0,0","18.372","248,8","0.434"
"12:14:49.587","7","7","1:59.155","115,866","0,0","43.022","0,0","53.543","0,0","22.590","174,5","0.619"
"12:16:58.233","8","8","2:08.646","107,318","0,0","47.749","0,0","54.614","0,0","26.283","165,9","0.651"
"12:19:24.092","9","9","2:25.859","94,653","0,0","50.423","0,0","1:15.375","0,0","20.061","124,3","0.869"
"12:21:08.548","10","10","1:44.456","132,170","0,0","41.782","0,0","43.877","0,0","18.797","173,6","0.622"
"12:22:38.726","11","11","1:30.178","153,097","0,0","33.553","0,0","37.836","0,0","18.789","241,6","0.447"
"12:24:08.259","12","12","1:29.533","154,200","0,0","33.409","0,0","37.768","0,0","18.356","241,6","0.447"
"12:25:37.684","13","13","1:29.425","154,386","0,0","33.370","0,0","37.758","0,0","18.297","244,3","0.442"
"12:27:07.098","14","14","1:29.414","154,405","0,0","33.385","0,0","37.690","0,0","18.339","244,9","0.441"
"12:30:12.720","15","16","3:05.622","74,377","0,0","33.213","0,0","37.842","","","244,3","0.442"
"12:31:51.170","16","17","1:38.450","140,234","","","0,0","38.088","0,0","18.358","184,6","0.585"
"12:33:20.956","17","17","1:29.786","153,766","0,0","33.380","0,0","38.082","0,0","18.324","243,8","0.443"
"12:34:50.939","18","18","1:29.983","153,429","0,0","33.418","0,0","37.794","0,0","18.771","243,8","0.443"
"12:36:20.518","19","19","1:29.579","154,121","0,0","33.617","0,0","37.673","0,0","18.289","240,0","0.450"
"12:37:49.611","20","20","1:29.093","154,962","0,0","33.336","0,0","37.554","0,0","18.203","244,3","0.442"
"12:39:18.942","21","21","1:29.331","154,549","0,0","33.384","0,0","37.619","0,0","18.328","244,3","0.442"
"12:40:48.835","22","22","1:29.893","153,583","0,0","33.469","0,0","38.051","0,0","18.373","244,9","0.441"
"12:42:18.286","23","23","1:29.451","154,341","0,0","33.399","0,0","37.656","0,0","18.396","244,9","0.441"
"12:43:48.602","24","24","1:30.316","152,863","0,0","33.889","0,0","37.983","0,0","18.444","244,3","0.442"
"12:45:18.675","25","25","1:30.073","153,276","0,0","33.704","0,0","38.010","0,0","18.359","246,0","0.439"
"12:46:48.506","26","26","1:29.831","153,689","0,0","33.554","0,0","37.931","0,0","18.346","246,0","0.439"
"12:48:21.503","27","28","1:32.997","148,456","0,0","33.593","0,0","40.946","0,0","18.458","245,5","0.440"
"12:49:51.514","28","29","1:30.011","153,381","0,0","33.655","0,0","37.866","0,0","18.490","246,6","0.438"
"12:51:21.468","29","30","1:29.954","153,478","0,0","33.665","0,0","37.976","0,0","18.313","246,6","0.438"
"12:52:55.106","30","31","1:33.638","147,440","0,0","33.812","0,0","39.532","0,0","20.294","246,6","0.438"
"12:54:26.454","31","32","1:31.348","151,136","0,0","34.495","0,0","38.227","0,0","18.626","225,0","0.480"
"12:55:57.324","32","33","1:30.870","151,931","0,0","33.934","0,0","38.301","0,0","18.635","246,0","0.439"
88 - Felipe Fraga - Stock Car PRO 2024
"12:22:21.818","1","10","18:37.609","12,353","0,0","36.043","0,0","1:00.299","","","217,7","0.496"
"12:24:18.031","2","12","1:56.213","118,799","","","0,0","40.746","0,0","19.602","81,7","1.322"
"12:26:29.969","3","13","2:11.938","104,640","0,0","35.292","0,0","38.916","","","227,8","0.474"
"12:28:08.483","4","14","1:38.514","140,143","","","0,0","38.143","0,0","18.551","183,1","0.590"
"12:29:37.702","5","15","1:29.219","154,743","0,0","33.443","0,0","37.442","0,0","18.334","247,1","0.437"
"12:31:06.713","6","16","1:29.011","155,104","0,0","33.351","0,0","37.299","0,0","18.361","246,0","0.439"
"12:32:35.556","7","17","1:28.843","155,398","0,0","33.192","0,0","37.318","0,0","18.333","249,4","0.433"
"12:34:04.624","8","18","1:29.068","155,005","0,0","33.387","0,0","37.310","0,0","18.371","246,6","0.438"
"12:35:33.728","9","19","1:29.104","154,943","0,0","33.374","0,0","37.395","0,0","18.335","246,0","0.439"
"12:37:02.839","10","20","1:29.111","154,930","0,0","33.335","0,0","37.356","0,0","18.420","250,6","0.431"
"12:38:33.355","11","21","1:30.516","152,526","0,0","33.749","0,0","38.221","0,0","18.546","251,2","0.430"
"12:40:03.483","12","22","1:30.128","153,182","0,0","33.445","0,0","38.271","0,0","18.412","249,4","0.433"
"12:41:33.981","13","23","1:30.498","152,556","0,0","33.473","0,0","38.136","0,0","18.889","244,3","0.442"
"12:43:04.488","14","24","1:30.507","152,541","0,0","33.651","0,0","38.035","0,0","18.821","239,5","0.451"
"12:44:35.002","15","25","1:30.514","152,529","0,0","33.679","0,0","38.028","0,0","18.807","240,0","0.450"
"12:46:05.780","16","26","1:30.778","152,085","0,0","33.726","0,0","38.215","0,0","18.837","238,9","0.452"
"12:47:36.585","17","27","1:30.805","152,040","0,0","33.761","0,0","38.158","0,0","18.886","241,1","0.448"
"12:49:06.810","18","28","1:30.225","153,017","0,0","33.601","0,0","38.164","0,0","18.460","241,1","0.448"
"12:50:40.840","19","29","1:34.030","146,825","0,0","34.618","0,0","40.420","0,0","18.992","243,8","0.443"
"12:52:11.780","20","30","1:30.940","151,814","0,0","33.810","0,0","38.243","0,0","18.887","238,4","0.453"
"12:53:43.015","21","31","1:31.235","151,324","0,0","33.833","0,0","38.390","0,0","19.012","242,7","0.445"
"12:55:14.323","22","32","1:31.308","151,203","0,0","33.942","0,0","38.428","0,0","18.938","235,8","0.458"
"12:56:45.303","23","33","1:30.980","151,748","0,0","33.777","0,0","38.253","0,0","18.950","244,9","0.441"
90 - Ricardo Mauricio - Stock Car PRO 2024
"12:05:13.114","1","1","1:32.230","149,691","0,0","35.787","0,0","37.811","0,0","18.632","203,0","0.532"
"12:06:41.935","2","2","1:28.821","155,436","0,0","33.018","0,0","37.659","0,0","18.144","240,5","0.449"
"12:08:10.815","3","3","1:28.880","155,333","0,0","33.044","0,0","37.629","0,0","18.207","244,9","0.441"
"12:09:39.347","4","4","1:28.532","155,944","0,0","33.014","0,0","37.398","0,0","18.120","244,3","0.442"
"12:11:07.773","5","5","1:28.426","156,131","0,0","32.804","0,0","37.463","0,0","18.159","247,7","0.436"
"12:12:36.092","6","6","1:28.319","156,320","0,0","32.911","0,0","37.240","0,0","18.168","246,0","0.439"
"12:14:27.734","7","7","1:51.642","123,663","0,0","37.456","0,0","46.797","0,0","27.389","246,6","0.438"
"12:16:38.994","8","8","2:11.260","105,181","0,0","50.290","0,0","53.942","0,0","27.028","135,0","0.800"
"12:19:00.151","9","9","2:21.157","97,806","0,0","49.807","0,0","1:08.857","0,0","22.493","128,6","0.840"
"12:20:58.909","10","10","1:58.758","116,253","0,0","44.584","0,0","55.394","0,0","18.780","193,2","0.559"
"12:22:28.521","11","11","1:29.612","154,064","0,0","33.392","0,0","37.640","0,0","18.580","240,5","0.449"
"12:23:56.850","12","12","1:28.329","156,302","0,0","33.165","0,0","37.168","0,0","17.996","242,7","0.445"
"12:25:25.105","13","13","1:28.255","156,433","0,0","32.987","0,0","37.187","0,0","18.081","245,5","0.440"
"12:26:53.164","14","14","1:28.059","156,781","0,0","32.856","0,0","37.280","0,0","17.923","247,1","0.437"
"12:28:21.363","15","15","1:28.199","156,532","0,0","32.844","0,0","37.268","0,0","18.087","246,0","0.439"
"12:29:49.605","16","16","1:28.242","156,456","0,0","32.938","0,0","37.231","0,0","18.073","246,0","0.439"
"12:31:57.713","17","17","2:08.108","107,768","0,0","32.867","0,0","37.661","","","246,0","0.439"
"12:33:34.650","18","18","1:36.937","142,422","","","0,0","37.428","0,0","18.448","186,2","0.580"
29 - Daniel Serra - Stock Car PRO 2024
"12:05:13.501","1","1","1:32.409","149,401","0,0","35.954","0,0","37.837","0,0","18.618","203,0","0.532"
"12:06:42.336","2","2","1:28.835","155,412","0,0","33.268","0,0","37.428","0,0","18.139","242,2","0.446"
"12:08:11.160","3","3","1:28.824","155,431","0,0","33.107","0,0","37.417","0,0","18.300","246,6","0.438"
"12:09:39.686","4","4","1:28.526","155,954","0,0","33.069","0,0","37.415","0,0","18.042","247,1","0.437"
"12:11:08.073","5","5","1:28.387","156,199","0,0","32.921","0,0","37.415","0,0","18.051","247,7","0.436"
"12:12:36.460","6","6","1:28.387","156,199","0,0","33.086","0,0","37.301","0,0","18.000","244,9","0.441"
"12:14:29.146","7","7","1:52.686","122,517","0,0","38.364","0,0","46.638","0,0","27.684","248,3","0.435"
"12:16:39.943","8","8","2:10.797","105,553","0,0","50.037","0,0","54.403","0,0","26.357","138,5","0.780"
"12:19:01.755","9","9","2:21.812","97,354","0,0","50.582","0,0","1:07.948","0,0","23.282","129,2","0.836"
"12:20:59.250","10","10","1:57.495","117,503","0,0","44.316","0,0","54.424","0,0","18.755","175,3","0.616"
"12:22:29.076","11","11","1:29.826","153,697","0,0","33.362","0,0","37.830","0,0","18.634","242,7","0.445"
"12:23:57.433","12","12","1:28.357","156,252","0,0","33.141","0,0","37.150","0,0","18.066","243,2","0.444"
"12:25:25.599","13","13","1:28.166","156,591","0,0","33.022","0,0","37.047","0,0","18.097","247,7","0.436"
"12:26:53.971","14","14","1:28.372","156,226","0,0","32.871","0,0","37.492","0,0","18.009","248,8","0.434"
"12:28:22.523","15","15","1:28.552","155,908","0,0","33.008","0,0","37.454","0,0","18.090","247,1","0.437"
"12:30:31.166","16","16","2:08.643","107,320","0,0","32.935","0,0","37.628","","","247,1","0.437"
11 - Gaetano Di Mauro - Stock Car PRO 2024
"12:05:19.682","1","1","1:35.624","144,378","0,0","36.427","0,0","39.908","0,0","19.289","215,1","0.502"
"12:06:50.700","2","2","1:31.018","151,684","0,0","33.992","0,0","38.659","0,0","18.367","244,3","0.442"
"12:08:21.431","3","3","1:30.731","152,164","0,0","33.492","0,0","38.491","0,0","18.748","236,3","0.457"
"12:09:52.053","4","4","1:30.622","152,347","0,0","33.420","0,0","38.641","0,0","18.561","237,9","0.454"
"12:11:22.361","5","5","1:30.308","152,877","0,0","33.555","0,0","38.198","0,0","18.555","236,8","0.456"
