"Time of Day","Lap","LeadLap","Lap Tm","Speed","Hits","Strength","Noise","S1","S1 Tm","S2","S2 Tm","S3","S3 Tm","SPT","SPT Tm"
91 - Eduardo Barrichello - Stock Car PRO 2024
"14:04:19.250","1","1","1:06.005","166,787","41","179","29","0,0","28.732","0,0","23.717","0,0","13.556","204,9","0.527"
"14:05:23.246","2","2","1:03.996","172,023","48","175","24","0,0","26.934","0,0","23.642","0,0","13.420","214,7","0.503"
"14:06:27.065","3","3","1:03.819","172,500","50","176","33","0,0","26.859","0,0","23.539","0,0","13.421","214,3","0.504"
"14:07:30.718","4","4","1:03.653","172,950","52","175","41","0,0","26.821","0,0","23.489","0,0","13.343","213,4","0.506"
"14:08:38.487","5","5","1:07.769","162,446","75","178","49","0,0","26.914","0,0","23.520","0,0","17.335","207,3","0.521"
"14:10:21.276","6","6","1:42.789","107,101","90","178","34","0,0","39.248","0,0","39.100","0,0","24.441","105,7","1.022"
"14:12:05.278","7","7","1:44.002","105,852","83","178","31","0,0","46.605","0,0","35.187","0,0","22.210","139,0","0.777"
"14:14:05.725","8","8","2:00.447","91,400","56","178","31","0,0","51.374","0,0","50.749","0,0","18.324","76,5","1.412"
"14:15:09.992","9","9","1:04.267","171,298","51","175","29","0,0","27.079","0,0","23.645","0,0","13.543","204,2","0.529"
"14:16:13.682","10","10","1:03.690","172,850","47","176","33","0,0","26.866","0,0","23.539","0,0","13.285","213,4","0.506"
"14:17:17.574","11","11","1:03.892","172,303","48","175","41","0,0","26.920","0,0","23.599","0,0","13.373","216,4","0.499"
"14:18:21.549","12","12","1:03.975","172,080","52","178","30","0,0","26.991","0,0","23.587","0,0","13.397","215,1","0.502"
"14:19:25.565","13","13","1:04.016","171,970","52","178","63","0,0","27.034","0,0","23.619","0,0","13.363","216,4","0.499"
"14:21:03.201","14","14","1:37.636","112,753","76","186","24","0,0","27.125","0,0","23.403","","","214,3","0.504"
"14:22:20.134","15","15","1:16.933","143,096","47","176","36","","","0,0","23.739","0,0","13.453","213,9","0.505"
"14:23:24.156","16","16","1:04.022","171,953","43","176","29","0,0","27.083","0,0","23.562","0,0","13.377","214,7","0.503"
"14:24:28.387","17","17","1:04.231","171,394","51","175","59","0,0","27.203","0,0","23.631","0,0","13.397","216,0","0.500"
"14:25:32.857","18","18","1:04.470","170,758","44","180","54","0,0","27.334","0,0","23.690","0,0","13.446","215,1","0.502"
"14:26:37.361","19","19","1:04.504","170,668","44","175","47","0,0","27.416","0,0","23.620","0,0","13.468","215,1","0.502"
"14:27:42.501","20","20","1:05.140","169,002","33","175","43","0,0","27.405","0,0","24.023","0,0","13.712","203,8","0.530"
"14:28:47.684","21","21","1:05.183","168,891","48","174","39","0,0","27.516","0,0","23.994","0,0","13.673","203,8","0.530"
"14:29:52.769","22","22","1:05.085","169,145","47","175","37","0,0","27.433","0,0","24.010","0,0","13.642","203,8","0.530"
"14:30:57.339","23","23","1:04.570","170,494","44","174","34","0,0","27.445","0,0","23.667","0,0","13.458","215,1","0.502"
"14:32:02.517","24","24","1:05.178","168,904","44","175","31","0,0","27.492","0,0","24.003","0,0","13.683","203,0","0.532"
"14:33:07.751","25","25","1:05.234","168,759","52","175","31","0,0","27.434","0,0","24.084","0,0","13.716","206,5","0.523"
"14:34:13.246","26","26","1:05.495","168,086","54","175","33","0,0","27.613","0,0","24.150","0,0","13.732","203,8","0.530"
"14:35:19.022","27","27","1:05.776","167,368","63","188","34","0,0","27.673","0,0","24.265","0,0","13.838","204,9","0.527"
10 - Ricardo Zonta - Stock Car PRO 2024
"14:04:19.005","1","1","1:06.146","166,432","21","124","29","0,0","28.726","0,0","23.833","0,0","13.587","203,8","0.530"
"14:05:23.639","2","2","1:04.634","170,325","5","133","24","0,0","26.945","0,0","24.090","0,0","13.599","214,7","0.503"
"14:06:27.819","3","3","1:04.180","171,530","14","130","33","0,0","26.981","0,0","23.777","0,0","13.422","214,3","0.504"
"14:07:31.632","4","4","1:03.813","172,517","17","129","41","0,0","26.870","0,0","23.657","0,0","13.286","214,3","0.504"
"14:08:39.197","5","5","1:07.565","162,936","24","126","49","0,0","26.912","0,0","23.808","0,0","16.845","211,8","0.510"
"14:10:22.295","6","6","1:43.098","106,780","41","127","34","0,0","39.278","0,0","39.531","0,0","24.289","106,8","1.011"
"14:12:06.068","7","7","1:43.773","106,085","31","131","31","0,0","47.030","0,0","34.780","0,0","21.963","142,1","0.760"
"14:14:06.123","8","8","2:00.055","91,698","6","121","31","0,0","51.194","0,0","50.583","0,0","18.278","75,4","1.432"
"14:15:10.313","9","9","1:04.190","171,503","19","126","29","0,0","26.961","0,0","23.709","0,0","13.520","204,2","0.529"
"14:16:14.244","10","10","1:03.931","172,198","6","127","33","0,0","26.949","0,0","23.627","0,0","13.355","213,9","0.505"
"14:17:18.184","11","11","1:03.940","172,174","6","127","41","0,0","26.923","0,0","23.736","0,0","13.281","214,7","0.503"
"14:18:22.423","12","12","1:04.239","171,373","16","126","30","0,0","27.085","0,0","23.748","0,0","13.406","213,4","0.506"
"14:20:00.697","13","13","1:38.274","112,021","32","138","17","0,0","27.018","0,0","23.909","","","204,5","0.528"
"14:21:16.984","14","14","1:16.287","144,308","11","128","33","","","0,0","23.732","0,0","13.382","213,9","0.505"
"14:22:21.507","15","15","1:04.523","170,618","17","131","36","0,0","27.276","0,0","23.826","0,0","13.421","215,1","0.502"
"14:23:25.960","16","16","1:04.453","170,804","7","126","29","0,0","27.213","0,0","23.824","0,0","13.416","214,3","0.504"
"14:24:31.030","17","17","1:05.070","169,184","9","129","59","0,0","27.215","0,0","24.190","0,0","13.665","204,5","0.528"
"14:25:35.613","18","18","1:04.583","170,460","18","127","54","0,0","27.205","0,0","23.949","0,0","13.429","214,3","0.504"
"14:26:40.669","19","19","1:05.056","169,220","10","128","47","0,0","27.245","0,0","24.133","0,0","13.678","204,5","0.528"
"14:27:45.104","20","20","1:04.435","170,851","13","128","43","0,0","27.167","0,0","23.883","0,0","13.385","214,3","0.504"
"14:28:50.212","21","21","1:05.108","169,085","17","124","34","0,0","27.224","0,0","24.257","0,0","13.627","204,2","0.529"
"14:29:54.820","22","22","1:04.608","170,394","4","127","37","0,0","27.292","0,0","23.939","0,0","13.377","213,9","0.505"
"14:30:59.873","23","23","1:05.053","169,228","20","125","34","0,0","27.353","0,0","24.058","0,0","13.642","205,3","0.526"
"14:32:05.064","24","24","1:05.191","168,870","15","128","31","0,0","27.331","0,0","24.176","0,0","13.684","205,3","0.526"
"14:33:10.358","25","25","1:05.294","168,604","19","129","31","0,0","27.372","0,0","24.219","0,0","13.703","205,7","0.525"
"14:34:15.576","26","26","1:05.218","168,800","18","128","33","0,0","27.394","0,0","24.207","0,0","13.617","204,5","0.528"
"14:35:20.873","27","27","1:05.297","168,596","21","134","34","0,0","27.622","0,0","24.026","0,0","13.649","214,3","0.504"
90 - Ricardo Mauricio - Stock Car PRO 2024
"14:04:19.871","1","1","1:06.798","164,807","29","180","29","0,0","29.392","0,0","23.881","0,0","13.525","203,4","0.531"
"14:05:24.366","2","2","1:04.495","170,692","30","189","24","0,0","27.016","0,0","24.011","0,0","13.468","204,5","0.528"
"14:06:28.515","3","3","1:04.149","171,613","31","185","33","0,0","26.941","0,0","23.834","0,0","13.374","215,6","0.501"
"14:07:32.384","4","4","1:03.869","172,365","34","188","41","0,0","26.892","0,0","23.686","0,0","13.291","214,7","0.503"
"14:08:40.177","5","5","1:07.793","162,388","46","184","49","0,0","26.882","0,0","23.958","0,0","16.953","192,5","0.561"
"14:10:23.053","6","6","1:42.876","107,010","60","182","34","0,0","38.886","0,0","39.774","0,0","24.216","106,7","1.012"
"14:12:06.815","7","7","1:43.762","106,097","41","185","31","0,0","47.377","0,0","34.573","0,0","21.812","146,3","0.738"
"14:14:06.514","8","8","1:59.699","91,971","30","185","31","0,0","51.156","0,0","50.464","0,0","18.079","80,5","1.341"
"14:15:10.872","9","9","1:04.358","171,056","22","184","29","0,0","27.116","0,0","23.823","0,0","13.419","204,2","0.529"
"14:16:15.220","10","10","1:04.348","171,082","30","183","33","0,0","27.012","0,0","23.891","0,0","13.445","203,8","0.530"
"14:17:19.183","11","11","1:03.963","172,112","26","186","41","0,0","26.929","0,0","23.729","0,0","13.305","216,0","0.500"
"14:18:58.365","12","12","1:39.182","110,996","65","191","23","0,0","27.085","0,0","23.964","","","203,8","0.530"
"14:20:15.039","13","13","1:16.674","143,579","29","186","43","","","0,0","23.817","0,0","13.301","214,7","0.503"
"14:21:19.169","14","14","1:04.130","171,664","29","186","33","0,0","27.090","0,0","23.722","0,0","13.318","215,6","0.501"
"14:22:22.939","15","15","1:03.770","172,633","35","182","36","0,0","27.057","0,0","23.421","0,0","13.292","216,4","0.499"
"14:23:27.527","16","16","1:04.588","170,447","21","184","29","0,0","27.108","0,0","23.987","0,0","13.493","204,2","0.529"
"14:24:31.655","17","17","1:04.128","171,669","32","186","59","0,0","27.122","0,0","23.633","0,0","13.373","216,4","0.499"
"14:25:36.636","18","18","1:04.981","169,416","33","186","54","0,0","27.194","0,0","24.205","0,0","13.582","204,2","0.529"
"14:26:41.057","19","19","1:04.421","170,888","28","184","47","0,0","27.250","0,0","23.788","0,0","13.383","216,4","0.499"
"14:27:46.001","20","20","1:04.944","169,512","25","182","43","0,0","27.286","0,0","24.201","0,0","13.457","204,2","0.529"
"14:28:50.838","21","21","1:04.837","169,792","27","186","34","0,0","27.198","0,0","24.021","0,0","13.618","205,3","0.526"
"14:29:55.830","22","22","1:04.992","169,387","30","183","37","0,0","27.300","0,0","24.095","0,0","13.597","204,2","0.529"
"14:31:00.826","23","23","1:04.996","169,377","27","184","34","0,0","27.326","0,0","24.092","0,0","13.578","204,5","0.528"
"14:32:06.031","24","24","1:05.205","168,834","35","184","31","0,0","27.506","0,0","24.151","0,0","13.548","204,9","0.527"
"14:33:11.218","25","25","1:05.187","168,880","31","184","31","0,0","27.459","0,0","24.160","0,0","13.568","204,2","0.529"
"14:34:16.332","26","26","1:05.114","169,070","28","186","33","0,0","27.390","0,0","24.077","0,0","13.647","204,2","0.529"
"14:35:22.280","27","27","1:05.948","166,932","38","185","34","0,0","27.488","0,0","24.205","0,0","14.255","204,2","0.529"
12 - Lucas Foresti - Stock Car PRO 2024
"14:04:21.034","1","1","1:07.132","163,987","19","171","29","0,0","29.544","0,0","24.028","0,0","13.560","204,5","0.528"
"14:05:25.382","2","2","1:04.348","171,082","26","171","24","0,0","27.232","0,0","23.769","0,0","13.347","215,1","0.502"
"14:06:30.042","3","3","1:04.660","170,257","30","168","33","0,0","27.434","0,0","23.859","0,0","13.367","214,3","0.504"
"14:07:34.482","4","4","1:04.440","170,838","29","170","41","0,0","27.181","0,0","23.911","0,0","13.348","213,9","0.505"
"14:08:42.676","5","5","1:08.194","161,434","45","166","49","0,0","27.179","0,0","24.181","0,0","16.834","188,2","0.574"
"14:10:24.746","6","6","1:42.070","107,855","67","164","34","0,0","38.242","0,0","39.958","0,0","23.870","104,5","1.033"
"14:12:08.480","7","7","1:43.734","106,125","49","168","31","0,0","47.854","0,0","34.851","0,0","21.029","137,4","0.786"
"14:14:08.037","8","8","1:59.557","92,080","23","175","31","0,0","51.674","0,0","49.781","0,0","18.102","85,6","1.261"
"14:15:12.848","9","9","1:04.811","169,860","30","164","29","0,0","27.431","0,0","23.932","0,0","13.448","204,5","0.528"
"14:16:16.840","10","10","1:03.992","172,034","16","166","33","0,0","27.101","0,0","23.476","0,0","13.415","213,9","0.505"
"14:17:21.027","11","11","1:04.187","171,511","21","167","41","0,0","27.069","0,0","23.773","0,0","13.345","214,3","0.504"
"14:18:24.875","12","12","1:03.848","172,422","27","164","30","0,0","27.063","0,0","23.490","0,0","13.295","214,3","0.504"
"14:19:29.163","13","13","1:04.288","171,242","22","162","63","0,0","27.156","0,0","23.801","0,0","13.331","214,7","0.503"
"14:21:07.185","14","14","1:38.022","112,309","58","172","24","0,0","27.038","0,0","24.019","","","203,4","0.531"
"14:22:24.359","15","15","1:17.174","142,649","27","166","36","","","0,0","23.908","0,0","13.375","214,3","0.504"
"14:23:28.631","16","16","1:04.272","171,285","19","164","29","0,0","27.170","0,0","23.761","0,0","13.341","214,3","0.504"
"14:24:33.196","17","17","1:04.565","170,507","26","162","59","0,0","27.120","0,0","23.966","0,0","13.479","204,5","0.528"
"14:25:37.603","18","18","1:04.407","170,926","22","164","54","0,0","27.191","0,0","23.803","0,0","13.413","213,9","0.505"
"14:26:43.082","19","19","1:05.479","168,127","21","165","47","0,0","27.172","0,0","24.577","0,0","13.730","191,8","0.563"
"14:27:47.967","20","20","1:04.885","169,666","23","163","43","0,0","27.421","0,0","23.933","0,0","13.531","213,0","0.507"
"14:28:53.177","21","21","1:05.210","168,821","20","164","34","0,0","27.393","0,0","24.170","0,0","13.647","203,8","0.530"
"14:29:58.418","22","22","1:05.241","168,741","24","163","37","0,0","27.437","0,0","24.153","0,0","13.651","203,4","0.531"
"14:31:03.682","23","23","1:05.264","168,681","21","163","34","0,0","27.425","0,0","24.161","0,0","13.678","203,8","0.530"
"14:32:09.214","24","24","1:05.532","167,991","11","165","31","0,0","27.354","0,0","24.276","0,0","13.902","203,8","0.530"
"14:33:14.637","25","25","1:05.423","168,271","23","163","31","0,0","27.549","0,0","24.203","0,0","13.671","204,2","0.529"
"14:34:20.043","26","26","1:05.406","168,315","24","165","33","0,0","27.389","0,0","24.280","0,0","13.737","203,8","0.530"
"14:35:25.688","27","27","1:05.645","167,702","22","169","34","0,0","27.523","0,0","24.402","0,0","13.720","204,2","0.529"
8 - Rafael Suzuki - Stock Car PRO 2024
"14:04:20.659","1","1","1:07.089","164,092","20","186","29","0,0","29.441","0,0","24.080","0,0","13.568","203,4","0.531"
"14:05:25.188","2","2","1:04.529","170,602","26","189","24","0,0","27.194","0,0","23.891","0,0","13.444","214,3","0.504"
"14:06:29.517","3","3","1:04.329","171,133","41","187","33","0,0","27.226","0,0","23.727","0,0","13.376","214,7","0.503"
"14:07:33.848","4","4","1:04.331","171,127","40","186","41","0,0","27.160","0,0","23.793","0,0","13.378","214,7","0.503"
"14:08:41.257","5","5","1:07.409","163,314","47","185","49","0,0","27.162","0,0","23.899","0,0","16.348","206,5","0.523"
"14:10:23.943","6","6","1:42.686","107,208","54","182","34","0,0","38.636","0,0","39.943","0,0","24.107","103,6","1.042"
"14:12:07.403","7","7","1:43.460","106,406","41","185","31","0,0","47.616","0,0","34.282","0,0","21.562","132,2","0.817"
"14:14:07.411","8","8","2:00.008","91,734","24","185","31","0,0","51.493","0,0","50.342","0,0","18.173","81,0","1.334"
"14:15:46.453","9","9","1:39.042","111,153","70","192","17","0,0","27.399","0,0","23.957","","","204,5","0.528"
"14:17:03.808","10","10","1:17.355","142,315","28","182","41","","","0,0","23.792","0,0","13.412","213,9","0.505"
"14:18:07.866","11","11","1:04.058","171,857","30","186","30","0,0","27.056","0,0","23.682","0,0","13.320","213,0","0.507"
"14:19:11.977","12","12","1:04.111","171,715","29","185","63","0,0","26.987","0,0","23.734","0,0","13.390","213,0","0.507"
"14:20:16.329","13","13","1:04.352","171,072","32","184","43","0,0","27.113","0,0","23.815","0,0","13.424","214,7","0.503"
"14:21:21.026","14","14","1:04.697","170,159","15","167","33","0,0","27.156","0,0","24.011","0,0","13.530","204,5","0.528"
"14:22:25.451","15","15","1:04.425","170,878","26","181","36","0,0","27.248","0,0","23.778","0,0","13.399","214,7","0.503"
"14:23:30.450","16","16","1:04.999","169,369","32","187","29","0,0","27.313","0,0","24.092","0,0","13.594","204,2","0.529"
"14:24:35.237","17","17","1:04.787","169,923","21","158","59","0,0","27.231","0,0","24.038","0,0","13.518","204,5","0.528"
"14:25:40.145","18","18","1:04.908","169,606","23","157","54","0,0","27.294","0,0","24.078","0,0","13.536","204,5","0.528"
"14:26:45.022","19","19","1:04.877","169,687","28","184","47","0,0","27.230","0,0","24.050","0,0","13.597","204,5","0.528"
"14:27:50.118","20","20","1:05.096","169,116","19","187","39","0,0","27.399","0,0","24.115","0,0","13.582","204,5","0.528"
"14:28:55.338","21","21","1:05.220","168,795","35","187","34","0,0","27.487","0,0","24.151","0,0","13.582","204,2","0.529"
"14:30:00.459","22","22","1:05.121","169,051","33","185","37","0,0","27.401","0,0","24.102","0,0","13.618","204,5","0.528"
"14:31:05.686","23","23","1:05.227","168,777","35","185","34","0,0","27.431","0,0","24.197","0,0","13.599","204,5","0.528"
"14:32:11.002","24","24","1:05.316","168,547","37","187","31","0,0","27.529","0,0","24.140","0,0","13.647","204,9","0.527"
"14:33:16.389","25","25","1:05.387","168,364","42","184","31","0,0","27.575","0,0","24.189","0,0","13.623","204,5","0.528"
"14:34:21.750","26","26","1:05.361","168,431","45","187","33","0,0","27.499","0,0","24.205","0,0","13.657","204,5","0.528"
"14:35:27.207","27","27","1:05.457","168,184","44","181","34","0,0","27.643","0,0","24.233","0,0","13.581","213,0","0.507"
83 - Gabriel Casagrande - Stock Car PRO 2024
"14:04:22.465","1","1","1:07.881","162,178","25","172","29","0,0","29.933","0,0","24.283","0,0","13.665","205,3","0.526"
"14:05:27.378","2","2","1:04.913","169,593","30","172","24","0,0","27.455","0,0","23.824","0,0","13.634","216,9","0.498"
"14:06:32.354","3","3","1:04.976","169,429","28","171","33","0,0","27.319","0,0","24.066","0,0","13.591","204,2","0.529"
"14:07:36.892","4","4","1:04.538","170,579","34","170","41","0,0","27.136","0,0","23.938","0,0","13.464","204,9","0.527"
"14:08:46.859","5","5","1:09.967","157,343","49","169","49","0,0","27.070","0,0","25.309","0,0","17.588","154,1","0.701"
"14:10:27.125","6","6","1:40.266","109,796","53","171","34","0,0","37.629","0,0","39.270","0,0","23.367","98,6","1.095"
"14:12:11.298","7","7","1:44.173","105,678","52","170","31","0,0","47.835","0,0","35.162","0,0","21.176","144,0","0.750"
"14:14:09.097","8","8","1:57.799","93,454","24","171","31","0,0","51.736","0,0","49.020","0,0","17.043","91,1","1.185"
"14:15:47.317","9","9","1:38.220","112,083","68","177","17","0,0","27.314","0,0","24.082","","","204,2","0.529"
"14:17:04.244","10","10","1:16.927","143,107","35","171","41","","","0,0","23.812","0,0","13.306","216,0","0.500"
"14:18:08.376","11","11","1:04.132","171,658","30","170","30","0,0","27.121","0,0","23.640","0,0","13.371","216,4","0.499"
"14:19:12.405","12","12","1:04.029","171,935","34","167","63","0,0","27.117","0,0","23.514","0,0","13.398","216,4","0.499"
"14:20:16.894","13","13","1:04.489","170,708","36","169","43","0,0","27.236","0,0","23.820","0,0","13.433","216,4","0.499"
"14:21:21.358","14","14","1:04.464","170,774","33","170","33","0,0","27.182","0,0","23.785","0,0","13.497","216,4","0.499"
"14:22:26.371","15","15","1:05.013","169,332","25","169","36","0,0","27.345","0,0","24.054","0,0","13.614","204,9","0.527"
"14:23:31.344","16","16","1:04.973","169,437","32","170","29","0,0","27.270","0,0","24.153","0,0","13.550","204,9","0.527"
"14:24:36.129","17","17","1:04.785","169,928","28","167","59","0,0","27.223","0,0","24.042","0,0","13.520","204,5","0.528"
"14:25:40.970","18","18","1:04.841","169,781","31","170","54","0,0","27.175","0,0","24.096","0,0","13.570","204,5","0.528"
"14:26:46.159","19","19","1:05.189","168,875","30","170","47","0,0","27.391","0,0","24.208","0,0","13.590","204,9","0.527"
"14:27:51.307","20","20","1:05.148","168,981","31","165","39","0,0","27.391","0,0","24.139","0,0","13.618","204,9","0.527"
"14:28:56.492","21","21","1:05.185","168,885","25","174","34","0,0","27.415","0,0","24.184","0,0","13.586","204,5","0.528"
"14:30:01.576","22","22","1:05.084","169,148","34","170","37","0,0","27.353","0,0","24.113","0,0","13.618","204,5","0.528"
"14:31:06.578","23","23","1:05.002","169,361","28","170","34","0,0","27.280","0,0","24.093","0,0","13.629","204,5","0.528"
"14:32:11.789","24","24","1:05.211","168,818","35","170","31","0,0","27.305","0,0","24.297","0,0","13.609","204,5","0.528"
"14:33:17.010","25","25","1:05.221","168,792","31","167","31","0,0","27.417","0,0","24.204","0,0","13.600","204,9","0.527"
"14:34:22.328","26","26","1:05.318","168,542","35","173","33","0,0","27.422","0,0","24.239","0,0","13.657","205,3","0.526"
"14:35:27.602","27","27","1:05.274","168,655","35","170","34","0,0","27.624","0,0","24.008","0,0","13.642","216,9","0.498"
29 - Daniel Serra - Stock Car PRO 2024
"14:04:23.274","1","1","1:08.171","161,488","33","184","29","0,0","29.908","0,0","24.584","0,0","13.679","204,5","0.528"
"14:05:28.405","2","2","1:05.131","169,026","27","179","24","0,0","27.298","0,0","24.078","0,0","13.755","204,5","0.528"
"14:06:33.274","3","3","1:04.869","169,708","26","160","33","0,0","27.374","0,0","23.856","0,0","13.639","215,6","0.501"
"14:07:39.109","4","4","1:05.835","167,218","42","171","41","0,0","28.281","0,0","24.032","0,0","13.522","204,9","0.527"
"14:08:50.930","5","5","1:11.821","153,281","75","178","51","0,0","27.264","0,0","26.413","0,0","18.144","142,5","0.758"
"14:10:30.234","6","6","1:39.304","110,860","55","182","34","0,0","37.312","0,0","39.006","0,0","22.986","102,0","1.059"
"14:12:14.817","7","7","1:44.583","105,264","68","183","31","0,0","48.656","0,0","34.691","0,0","21.236","173,9","0.621"
"14:14:09.981","8","8","1:55.164","95,592","40","191","31","0,0","51.343","0,0","48.029","0,0","15.792","101,0","1.069"
"14:15:48.790","9","9","1:38.809","111,415","86","193","23","0,0","27.482","0,0","23.906","","","204,9","0.527"
"14:17:05.695","10","10","1:16.905","143,148","34","169","41","","","0,0","23.811","0,0","13.403","204,9","0.527"
"14:18:09.524","11","11","1:03.829","172,473","38","179","30","0,0","27.051","0,0","23.488","0,0","13.290","216,0","0.500"
"14:19:14.515","12","12","1:04.991","169,390","42","163","63","0,0","27.178","0,0","24.307","0,0","13.506","205,3","0.526"
"14:20:19.163","13","13","1:04.648","170,288","30","177","43","0,0","27.228","0,0","23.955","0,0","13.465","204,2","0.529"
"14:21:23.681","14","14","1:04.518","170,631","42","182","33","0,0","27.166","0,0","23.956","0,0","13.396","204,2","0.529"
"14:22:28.232","15","15","1:04.551","170,544","37","191","36","0,0","27.219","0,0","23.944","0,0","13.388","206,1","0.524"
"14:23:32.738","16","16","1:04.506","170,663","43","178","29","0,0","27.214","0,0","23.841","0,0","13.451","204,5","0.528"
"14:24:37.207","17","17","1:04.469","170,761","30","185","59","0,0","27.189","0,0","23.881","0,0","13.399","204,9","0.527"
"14:25:41.716","18","18","1:04.509","170,655","32","177","54","0,0","27.129","0,0","23.924","0,0","13.456","204,5","0.528"
"14:26:46.417","19","19","1:04.701","170,149","30","178","47","0,0","27.164","0,0","24.050","0,0","13.487","205,3","0.526"
"14:27:51.588","20","20","1:05.171","168,922","38","189","39","0,0","27.470","0,0","24.091","0,0","13.610","205,3","0.526"
"14:28:56.674","21","21","1:05.086","169,142","34","181","34","0,0","27.446","0,0","24.120","0,0","13.520","205,7","0.525"
"14:30:01.894","22","22","1:05.220","168,795","30","180","37","0,0","27.455","0,0","24.260","0,0","13.505","205,3","0.526"
"14:31:06.802","23","23","1:04.908","169,606","34","155","34","0,0","27.299","0,0","24.069","0,0","13.540","205,7","0.525"
"14:32:12.050","24","24","1:05.248","168,722","29","188","31","0,0","27.450","0,0","24.133","0,0","13.665","206,1","0.524"
"14:33:17.347","25","25","1:05.297","168,596","35","181","31","0,0","27.519","0,0","24.209","0,0","13.569","205,7","0.525"
"14:34:22.475","26","26","1:05.128","169,033","38","177","33","0,0","27.386","0,0","24.128","0,0","13.614","206,1","0.524"
"14:35:28.133","27","27","1:05.658","167,669","48","178","34","0,0","27.830","0,0","24.206","0,0","13.622","205,3","0.526"
121 - Felipe Baptista - Stock Car PRO 2024
"14:04:24.472","1","1","1:08.014","161,861","43","176","29","0,0","29.356","0,0","24.924","0,0","13.734","203,0","0.532"
"14:05:29.134","2","2","1:04.662","170,251","40","178","24","0,0","27.359","0,0","23.712","0,0","13.591","216,4","0.499"
"14:06:34.317","3","3","1:05.183","168,891","51","175","33","0,0","27.560","0,0","24.067","0,0","13.556","205,7","0.525"
"14:07:40.139","4","4","1:05.822","167,251","31","180","41","0,0","27.911","0,0","24.114","0,0","13.797","216,0","0.500"
"14:08:54.370","5","5","1:14.231","148,305","44","174","51","0,0","27.473","0,0","27.984","0,0","18.774","134,3","0.804"
"14:10:33.976","6","6","1:39.606","110,523","63","175","34","0,0","36.245","0,0","39.500","0,0","23.861","88,4","1.222"
"14:12:18.326","7","7","1:44.350","105,499","122","175","31","0,0","47.045","0,0","37.446","0,0","19.859","147,1","0.734"
"14:14:10.912","8","8","1:52.586","97,781","41","179","31","0,0","51.089","0,0","46.541","0,0","14.956","132,4","0.816"
"14:15:16.061","9","9","1:05.149","168,979","55","175","29","0,0","27.579","0,0","23.961","0,0","13.609","206,9","0.522"
"14:16:20.675","10","10","1:04.614","170,378","39","176","33","0,0","27.259","0,0","23.931","0,0","13.424","206,5","0.523"
"14:17:59.308","11","11","1:38.633","111,614","130","183","30","0,0","27.101","0,0","23.987","","","205,3","0.526"
"14:19:15.317","12","12","1:16.009","144,835","36","176","63","","","0,0","23.488","0,0","13.347","216,0","0.500"
"14:20:19.631","13","13","1:04.314","171,173","41","177","43","0,0","27.248","0,0","23.724","0,0","13.342","216,4","0.499"
"14:21:24.179","14","14","1:04.548","170,552","36","171","33","0,0","27.449","0,0","23.709","0,0","13.390","217,3","0.497"
"14:22:29.167","15","15","1:04.988","169,397","52","175","36","0,0","27.326","0,0","24.121","0,0","13.541","205,3","0.526"
"14:23:34.307","16","16","1:05.140","169,002","74","179","29","0,0","27.390","0,0","23.857","0,0","13.893","216,9","0.498"
"14:24:39.819","17","17","1:05.512","168,042","45","170","59","0,0","27.718","0,0","24.202","0,0","13.592","205,7","0.525"
"14:25:44.533","18","18","1:04.714","170,115","49","173","54","0,0","27.419","0,0","23.834","0,0","13.461","215,6","0.501"
"14:26:49.501","19","19","1:04.968","169,450","51","170","43","0,0","27.334","0,0","24.081","0,0","13.553","204,9","0.527"
"14:27:54.688","20","20","1:05.187","168,880","43","177","39","0,0","27.352","0,0","24.192","0,0","13.643","204,9","0.527"
"14:28:59.813","21","21","1:05.125","169,041","61","173","34","0,0","27.436","0,0","24.127","0,0","13.562","204,5","0.528"
"14:30:04.925","22","22","1:05.112","169,075","56","172","37","0,0","27.369","0,0","24.065","0,0","13.678","205,3","0.526"
"14:31:10.147","23","23","1:05.222","168,790","49","176","34","0,0","27.529","0,0","24.122","0,0","13.571","205,3","0.526"
"14:32:15.536","24","24","1:05.389","168,359","54","174","31","0,0","27.550","0,0","24.243","0,0","13.596","204,9","0.527"
"14:33:20.799","25","25","1:05.263","168,684","62","173","31","0,0","27.470","0,0","24.180","0,0","13.613","204,9","0.527"
"14:34:25.967","26","26","1:05.168","168,930","68","174","33","0,0","27.394","0,0","24.174","0,0","13.600","204,5","0.528"
"14:35:31.343","27","27","1:05.376","168,392","59","174","34","0,0","27.528","0,0","24.267","0,0","13.581","205,7","0.525"
85 - Guilherme Salas - Stock Car PRO 2024
"14:04:22.823","1","1","1:08.057","161,759","28","181","29","0,0","29.923","0,0","24.531","0,0","13.603","203,8","0.530"
"14:05:27.765","2","2","1:04.942","169,517","29","183","24","0,0","27.391","0,0","23.919","0,0","13.632","215,1","0.502"
"14:06:33.179","3","3","1:05.414","168,294","39","190","33","0,0","27.754","0,0","23.849","0,0","13.811","212,6","0.508"
"14:07:37.701","4","4","1:04.522","170,621","35","178","41","0,0","27.565","0,0","23.628","0,0","13.329","215,1","0.502"
"14:08:48.550","5","5","1:10.849","155,384","56","179","51","0,0","27.341","0,0","25.358","0,0","18.150","147,3","0.733"
"14:10:28.274","6","6","1:39.724","110,393","80","181","34","0,0","37.177","0,0","39.089","0,0","23.458","102,9","1.050"
"14:12:12.309","7","7","1:44.035","105,818","71","182","31","0,0","47.811","0,0","35.219","0,0","21.005","131,2","0.823"
"14:14:09.243","8","8","1:56.934","94,145","29","181","31","0,0","51.559","0,0","48.576","0,0","16.799","83,5","1.294"
"14:15:14.271","9","9","1:05.028","169,293","37","178","29","0,0","27.363","0,0","24.126","0,0","13.539","205,3","0.526"
"14:16:18.338","10","10","1:04.067","171,833","38","181","33","0,0","27.094","0,0","23.675","0,0","13.298","215,6","0.501"
"14:17:23.246","11","11","1:04.908","169,606","32","182","41","0,0","27.078","0,0","24.120","0,0","13.710","214,7","0.503"
"14:19:03.457","12","12","1:40.211","109,856","77","187","23","0,0","27.585","0,0","24.093","","","204,2","0.529"
"14:20:20.747","13","13","1:17.290","142,435","32","179","43","","","0,0","24.159","0,0","13.606","204,2","0.529"
"14:21:25.326","14","14","1:04.579","170,470","36","180","33","0,0","27.358","0,0","23.700","0,0","13.521","216,4","0.499"
"14:22:30.347","15","15","1:05.021","169,311","37","178","36","0,0","27.473","0,0","24.017","0,0","13.531","205,7","0.525"
"14:23:34.894","16","16","1:04.547","170,555","37","180","29","0,0","27.383","0,0","23.674","0,0","13.490","216,0","0.500"
"14:24:40.477","17","17","1:05.583","167,861","34","184","59","0,0","27.616","0,0","24.323","0,0","13.644","216,0","0.500"
"14:25:45.491","18","18","1:05.014","169,330","35","179","54","0,0","27.513","0,0","23.981","0,0","13.520","214,7","0.503"
"14:26:50.753","19","19","1:05.262","168,686","36","177","43","0,0","27.521","0,0","24.166","0,0","13.575","205,7","0.525"
"14:27:56.233","20","20","1:05.480","168,125","38","178","39","0,0","27.532","0,0","24.215","0,0","13.733","205,3","0.526"
"14:29:01.435","21","21","1:05.202","168,841","36","184","34","0,0","27.589","0,0","24.035","0,0","13.578","216,0","0.500"
"14:30:06.922","22","22","1:05.487","168,107","37","179","37","0,0","27.561","0,0","24.226","0,0","13.700","204,2","0.529"
"14:31:12.305","23","23","1:05.383","168,374","39","178","34","0,0","27.576","0,0","24.147","0,0","13.660","204,5","0.528"
"14:32:17.647","24","24","1:05.342","168,480","38","179","31","0,0","27.514","0,0","24.214","0,0","13.614","204,9","0.527"
"14:33:23.099","25","25","1:05.452","168,197","42","179","31","0,0","27.559","0,0","24.235","0,0","13.658","203,8","0.530"
"14:34:28.635","26","26","1:05.536","167,981","38","175","33","0,0","27.686","0,0","24.223","0,0","13.627","204,9","0.527"
"14:35:34.600","27","27","1:05.965","166,889","31","179","34","0,0","27.741","0,0","24.461","0,0","13.763","204,2","0.529"
21 - Thiago Camilo - Stock Car PRO 2024
"14:04:21.473","1","1","1:07.612","162,823","28","162","29","0,0","29.766","0,0","24.230","0,0","13.616","201,5","0.536"
"14:05:26.435","2","2","1:04.962","169,465","19","166","24","0,0","27.151","0,0","24.105","0,0","13.706","203,4","0.531"
"14:06:31.057","3","3","1:04.622","170,357","13","159","33","0,0","27.064","0,0","24.007","0,0","13.551","204,2","0.529"
"14:07:35.661","4","4","1:04.604","170,404","25","164","41","0,0","27.139","0,0","24.044","0,0","13.421","204,5","0.528"
"14:08:43.838","5","5","1:08.177","161,474","47","162","49","0,0","27.012","0,0","24.265","0,0","16.900","201,9","0.535"
"14:10:25.617","6","6","1:41.779","108,164","47","165","34","0,0","38.573","0,0","39.354","0,0","23.852","109,0","0.991"
"14:12:09.441","7","7","1:43.824","106,033","53","160","31","0,0","47.824","0,0","34.815","0,0","21.185","143,2","0.754"
"14:14:08.170","8","8","1:58.729","92,722","23","164","31","0,0","51.630","0,0","49.720","0,0","17.379","82,2","1.314"
"14:15:47.778","9","9","1:39.608","110,521","60","171","23","0,0","27.602","0,0","24.151","","","203,4","0.531"
"14:17:04.918","10","10","1:17.140","142,712","24","162","41","","","0,0","23.885","0,0","13.431","213,9","0.505"
"14:18:09.224","11","11","1:04.306","171,194","26","164","30","0,0","27.316","0,0","23.631","0,0","13.359","214,7","0.503"
"14:19:13.973","12","12","1:04.749","170,023","29","163","63","0,0","27.307","0,0","24.073","0,0","13.369","215,1","0.502"
"14:20:18.486","13","13","1:04.513","170,645","25","168","43","0,0","27.366","0,0","23.798","0,0","13.349","215,6","0.501"
"14:21:23.066","14","14","1:04.580","170,468","24","166","33","0,0","27.269","0,0","23.913","0,0","13.398","214,3","0.504"
"14:22:28.231","15","15","1:05.165","168,937","9","168","36","0,0","27.368","0,0","24.216","0,0","13.581","205,3","0.526"
"14:23:34.119","16","16","1:05.888","167,084","9","166","29","0,0","27.806","0,0","24.252","0,0","13.830","204,5","0.528"
"14:24:39.383","17","17","1:05.264","168,681","28","167","59","0,0","27.590","0,0","24.130","0,0","13.544","205,3","0.526"
"14:25:44.837","18","18","1:05.454","168,191","23","166","54","0,0","27.445","0,0","24.224","0,0","13.785","202,6","0.533"
"14:26:50.377","19","19","1:05.540","167,971","17","163","43","0,0","27.652","0,0","24.271","0,0","13.617","205,7","0.525"
"14:27:55.904","20","20","1:05.527","168,004","23","163","39","0,0","27.633","0,0","24.303","0,0","13.591","204,9","0.527"
"14:29:01.654","21","21","1:05.750","167,434","24","167","34","0,0","27.675","0,0","24.272","0,0","13.803","204,2","0.529"
"14:30:07.605","22","22","1:05.951","166,924","11","162","37","0,0","27.997","0,0","24.311","0,0","13.643","205,3","0.526"
"14:31:13.041","23","23","1:05.436","168,238","14","164","34","0,0","27.773","0,0","24.082","0,0","13.581","215,6","0.501"
"14:32:18.588","24","24","1:05.547","167,953","27","163","31","0,0","27.789","0,0","24.152","0,0","13.606","216,0","0.500"
"14:33:24.542","25","25","1:05.954","166,916","22","166","31","0,0","27.829","0,0","24.467","0,0","13.658","205,7","0.525"
"14:34:30.265","26","26","1:05.723","167,503","25","164","33","0,0","27.849","0,0","24.243","0,0","13.631","215,6","0.501"
"14:35:36.307","27","27","1:06.042","166,694","15","170","34","0,0","27.905","0,0","24.336","0,0","13.801","216,0","0.500"
28 - Enzo Elias - Stock Car PRO 2024
"14:04:21.768","1","1","1:07.543","162,990","26","184","29","0,0","29.824","0,0","24.120","0,0","13.599","205,7","0.525"
"14:05:26.836","2","2","1:05.068","169,189","33","188","24","0,0","27.388","0,0","23.700","0,0","13.980","215,6","0.501"
"14:06:31.513","3","3","1:04.677","170,212","31","180","33","0,0","27.253","0,0","23.927","0,0","13.497","206,1","0.524"
"14:07:36.192","4","4","1:04.679","170,207","39","183","41","0,0","27.294","0,0","23.928","0,0","13.457","205,7","0.525"
"14:08:44.828","5","5","1:08.636","160,394","49","180","49","0,0","27.176","0,0","24.680","0,0","16.780","196,0","0.551"
"14:10:26.229","6","6","1:41.401","108,567","62","180","34","0,0","38.374","0,0","39.403","0,0","23.624","101,0","1.069"
"14:12:10.075","7","7","1:43.846","106,011","87","174","31","0,0","47.822","0,0","35.008","0,0","21.016","149,2","0.724"
"14:14:08.625","8","8","1:58.550","92,862","39","183","31","0,0","51.938","0,0","49.226","0,0","17.386","84,1","1.284"
"14:15:13.691","9","9","1:05.066","169,194","53","180","29","0,0","27.552","0,0","24.013","0,0","13.501","205,7","0.525"
"14:16:17.913","10","10","1:04.222","171,418","43","177","33","0,0","27.227","0,0","23.660","0,0","13.335","216,4","0.499"
"14:17:23.078","11","11","1:05.165","168,937","41","184","41","0,0","27.202","0,0","24.359","0,0","13.604","205,7","0.525"
"14:18:27.859","12","12","1:04.781","169,939","41","180","30","0,0","27.458","0,0","23.867","0,0","13.456","205,7","0.525"
"14:20:07.207","13","13","1:39.348","110,810","80","189","17","0,0","27.186","0,0","23.860","","","204,5","0.528"
"14:21:24.941","14","14","1:17.734","141,621","49","179","33","","","0,0","24.000","0,0","13.491","206,9","0.522"
"14:22:29.709","15","15","1:04.768","169,973","47","179","36","0,0","27.341","0,0","23.929","0,0","13.498","206,5","0.523"
"14:23:34.509","16","16","1:04.800","169,889","28","179","29","0,0","27.394","0,0","23.961","0,0","13.445","206,5","0.523"
"14:24:40.713","17","17","1:06.204","166,286","30","180","59","0,0","27.869","0,0","24.447","0,0","13.888","205,3","0.526"
"14:25:46.008","18","18","1:05.295","168,601","45","181","54","0,0","27.707","0,0","24.054","0,0","13.534","206,5","0.523"
"14:26:51.205","19","19","1:05.197","168,854","38","179","43","0,0","27.616","0,0","24.036","0,0","13.545","206,5","0.523"
"14:27:56.619","20","20","1:05.414","168,294","42","177","39","0,0","27.563","0,0","24.209","0,0","13.642","206,1","0.524"
"14:29:02.022","21","21","1:05.403","168,323","39","199","34","0,0","27.662","0,0","24.181","0,0","13.560","206,1","0.524"
"14:30:07.835","22","22","1:05.813","167,274","54","178","37","0,0","27.899","0,0","24.310","0,0","13.604","206,5","0.523"
"14:31:13.343","23","23","1:05.508","168,053","33","192","34","0,0","27.780","0,0","24.129","0,0","13.599","216,0","0.500"
"14:32:19.076","24","24","1:05.733","167,478","37","183","31","0,0","27.712","0,0","24.359","0,0","13.662","206,9","0.522"
"14:33:24.814","25","25","1:05.738","167,465","50","182","31","0,0","27.694","0,0","24.261","0,0","13.783","205,7","0.525"
"14:34:30.706","26","26","1:05.892","167,073","48","182","33","0,0","27.875","0,0","24.341","0,0","13.676","206,5","0.523"
"14:35:36.474","27","27","1:05.768","167,388","53","186","34","0,0","27.778","0,0","24.116","0,0","13.874","214,3","0.504"
30 - Cesar Ramos - Stock Car PRO 2024
"14:04:22.189","1","1","1:07.940","162,037","26","165","29","0,0","30.028","0,0","24.310","0,0","13.602","204,9","0.527"
"14:05:27.620","2","2","1:05.431","168,251","15","169","24","0,0","27.493","0,0","24.023","0,0","13.915","204,5","0.528"
"14:06:33.335","3","3","1:05.715","167,523","24","168","33","0,0","27.586","0,0","24.006","0,0","14.123","205,7","0.525"
"14:07:38.592","4","4","1:05.257","168,699","28","167","41","0,0","27.959","0,0","23.862","0,0","13.436","215,1","0.502"
"14:08:50.080","5","5","1:11.488","153,995","42","166","51","0,0","27.428","0,0","26.172","0,0","17.888","146,7","0.736"
"14:10:29.415","6","6","1:39.335","110,825","60","164","34","0,0","37.044","0,0","39.096","0,0","23.195","117,4","0.920"
"14:12:13.525","7","7","1:44.110","105,742","28","163","31","0,0","47.931","0,0","35.135","0,0","21.044","146,3","0.738"
"14:14:09.586","8","8","1:56.061","94,854","26","166","31","0,0","51.505","0,0","48.252","0,0","16.304","93,2","1.159"
"14:15:14.645","9","9","1:05.059","169,213","24","165","29","0,0","27.501","0,0","23.936","0,0","13.622","206,1","0.524"
"14:16:18.962","10","10","1:04.317","171,165","15","163","33","0,0","27.298","0,0","23.646","0,0","13.373","216,9","0.498"
"14:17:23.706","11","11","1:04.744","170,036","21","165","41","0,0","27.375","0,0","23.872","0,0","13.497","216,9","0.498"
"14:18:28.742","12","12","1:05.036","169,272","19","166","30","0,0","27.767","0,0","23.859","0,0","13.410","216,0","0.500"
"14:20:08.361","13","13","1:39.619","110,509","58","169","17","0,0","27.289","0,0","24.083","","","206,1","0.524"
"14:21:25.617","14","14","1:17.256","142,498","29","159","33","","","0,0","24.037","0,0","13.546","216,9","0.498"
"14:22:31.044","15","15","1:05.427","168,261","14","165","36","0,0","27.727","0,0","24.136","0,0","13.564","206,1","0.524"
"14:23:36.282","16","16","1:05.238","168,748","27","167","29","0,0","27.584","0,0","24.077","0,0","13.577","206,5","0.523"
"14:24:41.537","17","17","1:05.255","168,704","18","163","59","0,0","27.580","0,0","24.112","0,0","13.563","206,9","0.522"
"14:25:47.011","18","18","1:05.474","168,140","33","164","54","0,0","27.532","0,0","24.273","0,0","13.669","206,9","0.522"
"14:26:52.444","19","19","1:05.433","168,245","16","166","43","0,0","27.662","0,0","24.230","0,0","13.541","206,5","0.523"
"14:27:57.813","20","20","1:05.369","168,410","12","161","39","0,0","27.609","0,0","24.177","0,0","13.583","206,5","0.523"
"14:29:03.234","21","21","1:05.421","168,276","31","168","34","0,0","27.629","0,0","24.165","0,0","13.627","206,5","0.523"
"14:30:08.836","22","22","1:05.602","167,812","29","163","37","0,0","27.714","0,0","24.259","0,0","13.629","206,9","0.522"
"14:31:14.662","23","23","1:05.826","167,241","25","166","34","0,0","27.833","0,0","24.322","0,0","13.671","204,9","0.527"
"14:32:20.130","24","24","1:05.468","168,155","22","167","31","0,0","27.633","0,0","24.226","0,0","13.609","206,9","0.522"
"14:33:25.675","25","25","1:05.545","167,958","31","167","31","0,0","27.739","0,0","24.108","0,0","13.698","217,3","0.497"
"14:34:31.199","26","26","1:05.524","168,012","26","168","33","0,0","27.839","0,0","24.113","0,0","13.572","216,0","0.500"
"14:35:36.895","27","27","1:05.696","167,572","34","161","34","0,0","27.810","0,0","24.270","0,0","13.616","214,3","0.504"
88 - Felipe Fraga - Stock Car PRO 2024
"14:04:23.563","1","1","1:08.049","161,778","6","149","29","0,0","29.718","0,0","24.623","0,0","13.708","204,2","0.529"
"14:05:28.694","2","2","1:05.131","169,026","7","153","24","0,0","27.406","0,0","23.881","0,0","13.844","213,9","0.505"
"14:06:33.519","3","3","1:04.825","169,823","8","151","33","0,0","27.334","0,0","23.879","0,0","13.612","213,9","0.505"
"14:07:40.034","4","4","1:06.515","165,509","8","153","41","0,0","28.387","0,0","24.140","0,0","13.988","202,2","0.534"
"14:08:53.754","5","5","1:13.720","149,333","20","148","51","0,0","27.272","0,0","27.492","0,0","18.956","131,4","0.822"
"14:10:33.431","6","6","1:39.677","110,445","25","145","34","0,0","36.393","0,0","39.559","0,0","23.725","93,7","1.152"
"14:12:17.345","7","7","1:43.914","105,941","26","148","31","0,0","46.995","0,0","37.448","0,0","19.471","147,3","0.733"
"14:14:10.735","8","8","1:53.390","97,088","7","143","31","0,0","51.359","0,0","46.958","0,0","15.073","127,5","0.847"
"14:15:15.837","9","9","1:05.102","169,101","11","144","29","0,0","27.535","0,0","24.043","0,0","13.524","205,3","0.526"
"14:16:20.008","10","10","1:04.171","171,554","10","148","33","0,0","27.078","0,0","23.726","0,0","13.367","214,3","0.504"
"14:17:24.863","11","11","1:04.855","169,745","5","148","41","0,0","27.171","0,0","24.098","0,0","13.586","204,2","0.529"
"14:18:29.708","12","12","1:04.845","169,771","12","148","30","0,0","27.285","0,0","23.982","0,0","13.578","213,4","0.506"
"14:19:34.499","13","13","1:04.791","169,912","12","147","63","0,0","27.278","0,0","23.831","0,0","13.682","214,3","0.504"
"14:20:39.431","14","14","1:04.932","169,544","10","142","43","0,0","27.235","0,0","24.157","0,0","13.540","202,6","0.533"
"14:22:17.459","15","15","1:38.028","112,303","41","154","24","0,0","27.155","0,0","23.592","","","213,0","0.507"
"14:23:35.251","16","16","1:17.792","141,516","11","146","29","","","0,0","24.147","0,0","13.528","214,3","0.504"
"14:24:40.902","17","17","1:05.651","167,687","15","150","59","0,0","27.596","0,0","24.347","0,0","13.708","213,9","0.505"
"14:25:46.555","18","18","1:05.653","167,682","10","146","54","0,0","27.749","0,0","24.246","0,0","13.658","210,1","0.514"
"14:26:51.955","19","19","1:05.400","168,330","7","146","43","0,0","27.443","0,0","24.328","0,0","13.629","203,0","0.532"
"14:27:57.235","20","20","1:05.280","168,640","17","148","39","0,0","27.376","0,0","24.224","0,0","13.680","203,4","0.531"
"14:29:02.757","21","21","1:05.522","168,017","10","149","34","0,0","27.460","0,0","24.376","0,0","13.686","203,0","0.532"
"14:30:08.343","22","22","1:05.586","167,853","13","144","37","0,0","27.541","0,0","24.348","0,0","13.697","203,4","0.531"
"14:31:13.738","23","23","1:05.395","168,343","13","143","34","0,0","27.580","0,0","24.177","0,0","13.638","211,8","0.510"
"14:32:19.760","24","24","1:06.022","166,744","9","147","31","0,0","27.645","0,0","24.615","0,0","13.762","203,0","0.532"
"14:33:25.339","25","25","1:05.579","167,871","8","143","31","0,0","27.632","0,0","24.230","0,0","13.717","213,4","0.506"
"14:34:31.521","26","26","1:06.182","166,341","13","145","33","0,0","27.667","0,0","24.580","0,0","13.935","201,9","0.535"
"14:35:37.408","27","27","1:05.887","167,086","14","151","34","0,0","27.885","0,0","24.228","0,0","13.774","214,7","0.503"
111 - Rubens Barrichello - Stock Car PRO 2024
"14:04:24.946","1","1","1:09.048","159,437","34","164","29","0,0","29.623","0,0","25.298","0,0","14.127","202,2","0.534"
"14:05:29.899","2","2","1:04.953","169,489","52","165","24","0,0","27.478","0,0","23.882","0,0","13.593","213,4","0.506"
"14:06:34.868","3","3","1:04.969","169,447","54","164","33","0,0","27.483","0,0","23.932","0,0","13.554","213,4","0.506"
"14:07:40.397","4","4","1:05.529","167,999","35","166","41","0,0","27.729","0,0","24.101","0,0","13.699","215,1","0.502"
"14:08:55.242","5","5","1:14.845","147,088","43","160","51","0,0","27.590","0,0","28.326","0,0","18.929","122,6","0.881"
"14:10:35.009","6","6","1:39.767","110,345","66","161","34","0,0","35.842","0,0","40.262","0,0","23.663","89,3","1.209"
"14:12:19.537","7","7","1:44.528","105,319","61","163","31","0,0","46.892","0,0","38.428","0,0","19.208","124,4","0.868"
"14:14:11.657","8","8","1:52.120","98,188","41","163","31","0,0","50.838","0,0","46.417","0,0","14.865","136,2","0.793"
"14:15:16.934","9","9","1:05.277","168,647","36","162","29","0,0","27.451","0,0","24.155","0,0","13.671","205,3","0.526"
"14:16:21.453","10","10","1:04.519","170,629","49","163","33","0,0","27.313","0,0","23.746","0,0","13.460","215,1","0.502"
"14:17:26.514","11","11","1:05.061","169,207","47","162","41","0,0","27.388","0,0","24.042","0,0","13.631","204,2","0.529"
"14:18:31.676","12","12","1:05.162","168,945","39","161","30","0,0","27.401","0,0","24.106","0,0","13.655","203,4","0.531"
"14:19:36.380","13","13","1:04.704","170,141","49","162","63","0,0","27.349","0,0","23.855","0,0","13.500","214,7","0.503"
"14:20:41.482","14","14","1:05.102","169,101","41","162","43","0,0","27.409","0,0","24.079","0,0","13.614","203,4","0.531"
"14:22:19.652","15","15","1:38.170","112,140","122","176","26","0,0","27.333","0,0","24.145","","","203,8","0.530"
"14:23:36.838","16","16","1:17.186","142,627","34","168","29","","","0,0","23.903","0,0","13.579","216,0","0.500"
"14:24:42.235","17","17","1:05.397","168,338","28","165","59","0,0","27.547","0,0","24.178","0,0","13.672","203,8","0.530"
"14:25:47.563","18","18","1:05.328","168,516","47","162","54","0,0","27.526","0,0","24.146","0,0","13.656","204,9","0.527"
"14:26:53.154","19","19","1:05.591","167,840","37","166","43","0,0","27.621","0,0","24.258","0,0","13.712","204,5","0.528"
"14:27:58.528","20","20","1:05.374","168,397","59","164","39","0,0","27.545","0,0","24.181","0,0","13.648","206,5","0.523"
"14:29:04.042","21","21","1:05.514","168,037","28","201","34","0,0","27.629","0,0","24.150","0,0","13.735","203,8","0.530"
"14:30:09.518","22","22","1:05.476","168,135","36","164","37","0,0","27.619","0,0","24.190","0,0","13.667","205,3","0.526"
"14:31:15.194","23","23","1:05.676","167,623","34","166","34","0,0","27.643","0,0","24.272","0,0","13.761","203,8","0.530"
"14:32:20.835","24","24","1:05.641","167,712","41","165","31","0,0","27.703","0,0","24.243","0,0","13.695","204,2","0.529"
"14:33:26.157","25","25","1:05.322","168,531","41","165","31","0,0","27.716","0,0","23.999","0,0","13.607","215,6","0.501"
"14:34:31.783","26","26","1:05.626","167,751","39","164","33","0,0","27.741","0,0","24.172","0,0","13.713","213,9","0.505"
"14:35:37.707","27","27","1:05.924","166,992","41","165","34","0,0","27.907","0,0","24.265","0,0","13.752","215,6","0.501"
11 - Gaetano Di Mauro - Stock Car PRO 2024
"14:04:25.855","1","1","1:09.197","159,094","43","158","29","0,0","30.067","0,0","25.087","0,0","14.043","205,7","0.525"
"14:05:31.453","2","2","1:05.598","167,822","40","158","24","0,0","28.013","0,0","23.990","0,0","13.595","217,7","0.496"
"14:06:36.850","3","3","1:05.397","168,338","27","157","33","0,0","27.668","0,0","24.074","0,0","13.655","206,5","0.523"
"14:07:41.956","4","4","1:05.106","169,090","35","156","41","0,0","27.533","0,0","24.019","0,0","13.554","206,9","0.522"
"14:09:00.879","5","5","1:18.923","139,488","50","157","51","0,0","27.499","0,0","30.623","0,0","20.801","106,3","1.016"
"14:10:39.720","6","6","1:38.841","111,379","65","155","34","0,0","34.326","0,0","41.018","0,0","23.497","98,6","1.095"
"14:12:24.389","7","7","1:44.669","105,177","48","154","31","0,0","46.139","0,0","40.932","0,0","17.598","148,8","0.726"
"14:14:14.394","8","8","1:50.005","100,075","26","157","31","0,0","50.582","0,0","45.059","0,0","14.364","158,8","0.680"
"14:15:19.214","9","9","1:04.820","169,836","34","156","29","0,0","27.337","0,0","23.917","0,0","13.566","207,3","0.521"
"14:16:58.464","10","10","1:39.250","110,920","47","164","20","0,0","27.395","0,0","23.808","","","205,3","0.526"
"14:18:15.130","11","11","1:16.666","143,594","29","155","30","","","0,0","23.626","0,0","13.389","216,4","0.499"
"14:19:19.750","12","12","1:04.620","170,362","33","157","63","0,0","27.360","0,0","23.806","0,0","13.454","206,5","0.523"
"14:20:24.356","13","13","1:04.606","170,399","21","155","43","0,0","27.294","0,0","23.764","0,0","13.548","206,9","0.522"
"14:21:28.799","14","14","1:04.443","170,830","29","157","33","0,0","27.416","0,0","23.656","0,0","13.371","216,4","0.499"
"14:22:33.845","15","15","1:05.046","169,246","40","158","36","0,0","27.407","0,0","23.957","0,0","13.682","205,3","0.526"
"14:23:38.768","16","16","1:04.923","169,567","37","156","29","0,0","27.457","0,0","23.966","0,0","13.500","206,5","0.523"
"14:24:43.809","17","17","1:05.041","169,259","30","157","59","0,0","27.509","0,0","23.949","0,0","13.583","206,9","0.522"
"14:25:48.976","18","18","1:05.167","168,932","30","159","47","0,0","27.568","0,0","24.029","0,0","13.570","207,3","0.521"
"14:26:54.410","19","19","1:05.434","168,243","35","157","43","0,0","27.617","0,0","24.094","0,0","13.723","207,3","0.521"
"14:27:59.886","20","20","1:05.476","168,135","35","157","39","0,0","27.739","0,0","24.156","0,0","13.581","207,7","0.520"
"14:29:04.820","21","21","1:04.934","169,538","37","158","34","0,0","27.703","0,0","23.800","0,0","13.431","216,9","0.498"
"14:30:10.188","22","22","1:05.368","168,413","25","157","37","0,0","27.680","0,0","24.126","0,0","13.562","206,5","0.523"
"14:31:15.644","23","23","1:05.456","168,186","31","157","34","0,0","27.659","0,0","24.175","0,0","13.622","206,1","0.524"
"14:32:21.176","24","24","1:05.532","167,991","30","157","31","0,0","27.713","0,0","24.178","0,0","13.641","207,7","0.520"
"14:33:26.752","25","25","1:05.576","167,878","30","158","31","0,0","27.730","0,0","24.214","0,0","13.632","206,5","0.523"
"14:34:32.371","26","26","1:05.619","167,768","25","157","33","0,0","27.707","0,0","24.228","0,0","13.684","206,1","0.524"
"14:35:38.154","27","27","1:05.783","167,350","29","162","34","0,0","27.850","0,0","24.147","0,0","13.786","211,8","0.510"
19 - Felipe Massa - Stock Car PRO 2024
"14:04:26.227","1","1","1:09.187","159,117","27","191","29","0,0","30.055","0,0","25.021","0,0","14.111","201,9","0.535"
"14:05:31.822","2","2","1:05.595","167,830","20","157","24","0,0","28.024","0,0","24.037","0,0","13.534","216,4","0.499"
"14:06:37.222","3","3","1:05.400","168,330","32","188","33","0,0","27.675","0,0","24.074","0,0","13.651","206,5","0.523"
"14:07:42.490","4","4","1:05.268","168,671","31","182","41","0,0","27.615","0,0","24.046","0,0","13.607","206,5","0.523"
"14:09:01.431","5","5","1:18.941","139,456","61","182","51","0,0","27.604","0,0","30.857","0,0","20.480","99,8","1.082"
"14:10:40.475","6","6","1:39.044","111,151","68","183","34","0,0","34.636","0,0","40.885","0,0","23.523","100,7","1.073"
"14:12:25.187","7","7","1:44.712","105,134","44","182","31","0,0","46.132","0,0","40.882","0,0","17.698","153,2","0.705"
"14:14:14.795","8","8","1:49.608","100,438","30","186","31","0,0","50.423","0,0","44.899","0,0","14.286","161,0","0.671"
"14:15:19.660","9","9","1:04.865","169,719","29","185","29","0,0","27.471","0,0","23.833","0,0","13.561","206,9","0.522"
"14:16:24.004","10","10","1:04.344","171,093","28","185","33","0,0","27.410","0,0","23.564","0,0","13.370","217,7","0.496"
"14:17:28.758","11","11","1:04.754","170,010","28","186","41","0,0","27.359","0,0","23.861","0,0","13.534","207,3","0.521"
"14:18:33.374","12","12","1:04.616","170,373","26","187","30","0,0","27.530","0,0","23.729","0,0","13.357","217,3","0.497"
"14:19:38.137","13","13","1:04.763","169,986","35","187","63","0,0","27.570","0,0","23.774","0,0","13.419","216,4","0.499"
"14:21:16.698","14","14","1:38.561","111,695","81","194","24","0,0","27.524","0,0","23.966","","","205,3","0.526"
"14:22:34.023","15","15","1:17.325","142,371","38","186","36","","","0,0","23.664","0,0","13.603","217,3","0.497"
"14:23:39.198","16","16","1:05.175","168,911","26","163","29","0,0","27.665","0,0","23.905","0,0","13.605","206,5","0.523"
"14:24:44.353","17","17","1:05.155","168,963","30","184","59","0,0","27.590","0,0","23.927","0,0","13.638","207,7","0.520"
"14:25:49.557","18","18","1:05.204","168,836","33","186","47","0,0","27.668","0,0","23.988","0,0","13.548","206,9","0.522"
"14:26:54.976","19","19","1:05.419","168,281","37","187","43","0,0","27.777","0,0","24.172","0,0","13.470","215,6","0.501"
"14:28:00.245","20","20","1:05.269","168,668","42","183","39","0,0","27.596","0,0","24.099","0,0","13.574","206,9","0.522"
"14:29:05.583","21","21","1:05.338","168,490","45","185","34","0,0","27.652","0,0","24.120","0,0","13.566","206,5","0.523"
"14:30:10.794","22","22","1:05.211","168,818","49","185","37","0,0","27.715","0,0","24.044","0,0","13.452","215,6","0.501"
"14:31:16.099","23","23","1:05.305","168,575","47","181","34","0,0","27.606","0,0","24.093","0,0","13.606","206,5","0.523"
"14:32:21.563","24","24","1:05.464","168,166","46","182","31","0,0","27.682","0,0","24.175","0,0","13.607","206,9","0.522"
"14:33:27.182","25","25","1:05.619","167,768","50","185","31","0,0","27.775","0,0","24.192","0,0","13.652","207,3","0.521"
"14:34:32.626","26","26","1:05.444","168,217","44","185","33","0,0","27.721","0,0","24.144","0,0","13.579","206,9","0.522"
"14:35:38.303","27","27","1:05.677","167,620","54","183","34","0,0","27.810","0,0","24.039","0,0","13.828","217,3","0.497"
44 - Bruno Baptista - Stock Car PRO 2024
"14:04:24.139","1","1","1:08.922","159,728","29","190","29","0,0","30.143","0,0","25.116","0,0","13.663","204,2","0.529"
"14:05:28.899","2","2","1:04.760","169,994","29","189","24","0,0","27.318","0,0","23.795","0,0","13.647","216,4","0.499"
"14:06:34.007","3","3","1:05.108","169,085","58","190","33","0,0","27.564","0,0","23.896","0,0","13.648","215,6","0.501"
"14:07:39.681","4","4","1:05.674","167,628","52","181","41","0,0","28.033","0,0","24.103","0,0","13.538","213,9","0.505"
"14:08:52.267","5","5","1:12.586","151,666","60","189","51","0,0","27.269","0,0","26.642","0,0","18.675","141,9","0.761"
"14:10:32.955","6","6","1:40.688","109,336","86","198","34","0,0","36.933","0,0","39.604","0,0","24.151","99,7","1.083"
"14:12:16.036","7","7","1:43.081","106,798","54","191","31","0,0","46.887","0,0","35.870","0,0","20.324","158,1","0.683"
"14:14:10.421","8","8","1:54.385","96,243","33","179","31","0,0","51.676","0,0","47.308","0,0","15.401","115,6","0.934"
"14:15:15.305","9","9","1:04.884","169,669","26","188","29","0,0","27.392","0,0","24.015","0,0","13.477","205,3","0.526"
"14:16:19.397","10","10","1:04.092","171,766","35","183","33","0,0","27.132","0,0","23.647","0,0","13.313","216,4","0.499"
"14:17:24.214","11","11","1:04.817","169,844","26","190","41","0,0","27.294","0,0","23.965","0,0","13.558","206,1","0.524"
"14:18:29.254","12","12","1:05.040","169,262","45","189","30","0,0","27.533","0,0","24.007","0,0","13.500","205,7","0.525"
"14:19:34.084","13","13","1:04.830","169,810","39","188","63","0,0","27.225","0,0","24.065","0,0","13.540","204,9","0.527"
"14:20:38.400","14","14","1:04.316","171,167","43","183","43","0,0","27.203","0,0","23.700","0,0","13.413","216,9","0.498"
"14:22:22.331","15","15","1:43.931","105,924","91","197","26","0,0","27.137","0,0","24.003","","","204,5","0.528"
"14:23:40.147","16","16","1:17.816","141,472","48","186","29","","","0,0","24.164","0,0","13.817","206,1","0.524"
"14:24:45.388","17","17","1:05.241","168,741","35","185","59","0,0","27.641","0,0","24.023","0,0","13.577","206,1","0.524"
"14:25:50.276","18","18","1:04.888","169,658","28","185","47","0,0","27.400","0,0","24.011","0,0","13.477","206,9","0.522"
"14:26:55.476","19","19","1:05.200","168,847","47","178","43","0,0","27.528","0,0","24.198","0,0","13.474","206,9","0.522"
"14:28:00.660","20","20","1:05.184","168,888","62","186","39","0,0","27.472","0,0","24.140","0,0","13.572","206,5","0.523"
"14:29:05.952","21","21","1:05.292","168,609","43","184","34","0,0","27.588","0,0","24.180","0,0","13.524","206,5","0.523"
"14:30:11.598","22","22","1:05.646","167,699","62","195","37","0,0","27.706","0,0","24.271","0,0","13.669","206,1","0.524"
"14:31:17.552","23","23","1:05.954","166,916","56","194","34","0,0","27.929","0,0","24.222","0,0","13.803","206,1","0.524"
"14:32:22.857","24","24","1:05.305","168,575","70","187","31","0,0","27.659","0,0","24.090","0,0","13.556","206,5","0.523"
"14:33:28.035","25","25","1:05.178","168,904","61","187","31","0,0","27.427","0,0","24.117","0,0","13.634","206,9","0.522"
"14:34:33.096","26","26","1:05.061","169,207","51","188","33","0,0","27.439","0,0","24.082","0,0","13.540","206,9","0.522"
"14:35:39.503","27","27","1:06.407","165,778","78","190","34","0,0","27.700","0,0","24.938","0,0","13.769","205,3","0.526"
101 - Gianluca Petecof - Stock Car PRO 2024
"14:04:26.433","1","1","1:09.431","158,557","15","165","29","0,0","30.323","0,0","25.002","0,0","14.106","203,0","0.532"
"14:05:32.528","2","2","1:06.095","166,560","14","164","24","0,0","28.238","0,0","24.268","0,0","13.589","214,3","0.504"
"14:06:37.914","3","3","1:05.386","168,366","21","165","33","0,0","27.713","0,0","23.932","0,0","13.741","214,7","0.503"
"14:07:43.634","4","4","1:05.720","167,511","25","164","41","0,0","28.001","0,0","24.022","0,0","13.697","203,4","0.531"
"14:09:02.096","5","5","1:18.462","140,307","42","162","51","0,0","27.480","0,0","30.926","0,0","20.056","93,8","1.151"
"14:10:41.034","6","6","1:38.938","111,270","55","159","34","0,0","34.723","0,0","41.268","0,0","22.947","106,2","1.017"
"14:12:25.782","7","7","1:44.748","105,098","63","160","31","0,0","46.161","0,0","41.012","0,0","17.575","154,9","0.697"
"14:14:15.015","8","8","1:49.233","100,783","18","164","31","0,0","50.864","0,0","44.052","0,0","14.317","161,4","0.669"
"14:15:20.227","9","9","1:05.212","168,816","26","160","29","0,0","27.644","0,0","24.002","0,0","13.566","204,2","0.529"
"14:16:25.251","10","10","1:05.024","169,304","24","163","33","0,0","27.440","0,0","24.048","0,0","13.536","204,2","0.529"
"14:17:29.811","11","11","1:04.560","170,520","24","162","41","0,0","27.348","0,0","23.719","0,0","13.493","214,7","0.503"
"14:18:34.425","12","12","1:04.614","170,378","32","160","30","0,0","27.392","0,0","23.858","0,0","13.364","214,3","0.504"
"14:19:39.041","13","13","1:04.616","170,373","14","162","63","0,0","27.344","0,0","23.816","0,0","13.456","214,7","0.503"
"14:20:44.186","14","14","1:05.145","168,989","34","162","43","0,0","27.714","0,0","23.925","0,0","13.506","214,7","0.503"
"14:21:49.582","15","15","1:05.396","168,341","26","163","36","0,0","27.467","0,0","24.232","0,0","13.697","202,6","0.533"
"14:22:54.455","16","16","1:04.873","169,698","28","164","29","0,0","27.409","0,0","23.965","0,0","13.499","213,9","0.505"
"14:23:59.885","17","17","1:05.430","168,253","24","157","59","0,0","27.499","0,0","24.151","0,0","13.780","202,6","0.533"
"14:25:37.175","18","18","1:37.290","113,154","60","168","19","0,0","27.508","0,0","23.935","","","215,1","0.502"
"14:26:56.029","19","19","1:18.854","139,610","21","160","43","","","0,0","25.157","0,0","13.585","214,7","0.503"
"14:28:01.171","20","20","1:05.142","168,997","26","160","39","0,0","27.727","0,0","23.933","0,0","13.482","214,7","0.503"
"14:29:06.734","21","21","1:05.563","167,912","19","162","34","0,0","27.732","0,0","24.185","0,0","13.646","204,5","0.528"
"14:30:12.354","22","22","1:05.620","167,766","18","165","37","0,0","27.697","0,0","24.260","0,0","13.663","204,5","0.528"
"14:31:18.054","23","23","1:05.700","167,562","30","164","34","0,0","27.761","0,0","24.245","0,0","13.694","204,9","0.527"
"14:32:23.946","24","24","1:05.892","167,073","29","166","31","0,0","27.924","0,0","24.095","0,0","13.873","214,3","0.504"
"14:33:29.982","25","25","1:06.036","166,709","33","163","31","0,0","27.946","0,0","24.384","0,0","13.706","203,4","0.531"
"14:34:35.729","26","26","1:05.747","167,442","11","161","33","0,0","27.741","0,0","24.330","0,0","13.676","203,8","0.530"
"14:35:41.643","27","27","1:05.914","167,018","27","159","34","0,0","27.890","0,0","24.281","0,0","13.743","203,8","0.530"
18 - Allam Khodair - Stock Car PRO 2024
"14:04:25.269","1","1","1:09.794","157,733","16","154","29","0,0","30.072","0,0","25.609","0,0","14.113","202,2","0.534"
"14:05:30.465","2","2","1:05.196","168,857","11","151","24","0,0","27.747","0,0","23.904","0,0","13.545","213,9","0.505"
"14:06:35.355","3","3","1:04.890","169,653","16","151","33","0,0","27.387","0,0","23.912","0,0","13.591","214,3","0.504"
"14:07:40.676","4","4","1:05.321","168,534","11","152","41","0,0","27.566","0,0","24.049","0,0","13.706","213,0","0.507"
"14:08:57.971","5","5","1:17.295","142,426","28","146","51","0,0","27.606","0,0","29.355","0,0","20.334","111,0","0.973"
"14:10:36.907","6","6","1:38.936","111,272","41","145","34","0,0","34.654","0,0","40.574","0,0","23.708","88,1","1.226"
"14:12:21.041","7","7","1:44.134","105,718","31","147","31","0,0","46.031","0,0","38.471","0,0","19.632","131,5","0.821"
"14:14:12.571","8","8","1:51.530","98,707","7","145","31","0,0","50.371","0,0","46.309","0,0","14.850","143,4","0.753"
"14:15:50.701","9","9","1:38.130","112,186","41","155","23","0,0","27.346","0,0","24.095","","","204,2","0.529"
"14:17:07.879","10","10","1:17.178","142,642","16","148","41","","","0,0","23.844","0,0","13.498","213,0","0.507"
"14:18:12.833","11","11","1:04.954","169,486","16","144","30","0,0","27.230","0,0","24.088","0,0","13.636","202,2","0.534"
"14:19:17.349","12","12","1:04.516","170,637","16","147","63","0,0","27.199","0,0","23.843","0,0","13.474","213,4","0.506"
"14:20:21.964","13","13","1:04.615","170,375","14","151","43","0,0","27.313","0,0","23.811","0,0","13.491","213,9","0.505"
"14:21:26.986","14","14","1:05.022","169,309","15","151","33","0,0","27.383","0,0","24.139","0,0","13.500","203,8","0.530"
"14:22:32.001","15","15","1:05.015","169,327","15","149","36","0,0","27.368","0,0","24.061","0,0","13.586","212,2","0.509"
"14:23:37.691","16","16","1:05.690","167,587","8","150","29","0,0","27.671","0,0","24.327","0,0","13.692","204,5","0.528"
"14:24:43.181","17","17","1:05.490","168,099","14","151","59","0,0","27.503","0,0","24.235","0,0","13.752","203,8","0.530"
"14:25:48.663","18","18","1:05.482","168,119","15","149","47","0,0","27.501","0,0","24.235","0,0","13.746","203,8","0.530"
"14:26:54.243","19","19","1:05.580","167,868","8","148","43","0,0","27.511","0,0","24.363","0,0","13.706","203,8","0.530"
"14:27:59.555","20","20","1:05.312","168,557","9","150","39","0,0","27.578","0,0","24.112","0,0","13.622","213,9","0.505"
"14:29:05.296","21","21","1:05.741","167,457","16","149","34","0,0","27.572","0,0","24.347","0,0","13.822","202,6","0.533"
"14:30:11.399","22","22","1:06.103","166,540","7","151","37","0,0","27.760","0,0","24.485","0,0","13.858","203,4","0.531"
"14:31:17.570","23","23","1:06.171","166,369","14","142","34","0,0","27.778","0,0","24.449","0,0","13.944","203,8","0.530"
"14:32:24.098","24","24","1:06.528","165,476","8","155","31","0,0","28.143","0,0","24.529","0,0","13.856","202,6","0.533"
"14:33:30.715","25","25","1:06.617","165,255","10","152","31","0,0","28.190","0,0","24.589","0,0","13.838","203,4","0.531"
"14:34:36.810","26","26","1:06.095","166,560","12","148","33","0,0","27.783","0,0","24.488","0,0","13.824","203,0","0.532"
"14:35:42.894","27","27","1:06.084","166,588","11","150","34","0,0","27.793","0,0","24.468","0,0","13.823","203,0","0.532"
33 - Nelson Piquet Jr - Stock Car PRO 2024
"14:04:25.377","1","1","1:09.250","158,972","10","169","29","0,0","30.079","0,0","25.133","0,0","14.038","204,2","0.529"
"14:05:30.763","2","2","1:05.386","168,366","16","163","24","0,0","27.984","0,0","23.887","0,0","13.515","215,1","0.502"
"14:06:36.175","3","3","1:05.412","168,299","11","167","33","0,0","27.559","0,0","24.094","0,0","13.759","204,2","0.529"
"14:07:41.056","4","4","1:04.881","169,677","16","165","41","0,0","27.404","0,0","23.861","0,0","13.616","216,0","0.500"
"14:08:58.571","5","5","1:17.515","142,022","51","164","51","0,0","27.682","0,0","29.509","0,0","20.324","105,2","1.027"
"14:10:37.827","6","6","1:39.256","110,913","22","162","34","0,0","35.321","0,0","40.012","0,0","23.923","89,1","1.212"
"14:12:21.670","7","7","1:43.843","106,014","54","163","31","0,0","45.816","0,0","39.018","0,0","19.009","138,8","0.778"
"14:14:13.181","8","8","1:51.511","98,724","17","156","31","0,0","50.655","0,0","46.287","0,0","14.569","153,8","0.702"
"14:15:51.960","9","9","1:38.779","111,449","59","172","23","0,0","27.372","0,0","23.889","","","205,7","0.525"
"14:17:09.228","10","10","1:17.268","142,476","9","165","41","","","0,0","23.762","0,0","13.520","214,7","0.503"
"14:18:13.917","11","11","1:04.689","170,180","20","149","30","0,0","27.535","0,0","23.729","0,0","13.425","214,3","0.504"
"14:19:18.864","12","12","1:04.947","169,504","14","168","63","0,0","27.395","0,0","23.968","0,0","13.584","204,5","0.528"
"14:20:23.863","13","13","1:04.999","169,369","10","168","43","0,0","27.456","0,0","24.012","0,0","13.531","204,5","0.528"
"14:21:29.563","14","14","1:05.700","167,562","12","162","33","0,0","27.576","0,0","24.037","0,0","14.087","204,2","0.529"
"14:22:35.081","15","15","1:05.518","168,027","15","164","36","0,0","27.744","0,0","24.099","0,0","13.675","204,9","0.527"
"14:23:40.541","16","16","1:05.460","168,176","11","162","29","0,0","27.701","0,0","24.109","0,0","13.650","206,1","0.524"
"14:24:46.119","17","17","1:05.578","167,873","20","162","59","0,0","27.747","0,0","24.167","0,0","13.664","205,7","0.525"
"14:25:51.575","18","18","1:05.456","168,186","11","161","47","0,0","27.722","0,0","24.149","0,0","13.585","204,9","0.527"
"14:26:57.072","19","19","1:05.497","168,081","12","167","43","0,0","27.659","0,0","24.162","0,0","13.676","205,7","0.525"
"14:28:02.669","20","20","1:05.597","167,825","11","161","39","0,0","27.721","0,0","24.239","0,0","13.637","204,9","0.527"
"14:29:08.252","21","21","1:05.583","167,861","21","166","34","0,0","27.713","0,0","24.221","0,0","13.649","204,5","0.528"
"14:30:14.018","22","22","1:05.766","167,393","21","166","37","0,0","27.805","0,0","24.317","0,0","13.644","204,5","0.528"
"14:31:19.920","23","23","1:05.902","167,048","19","166","34","0,0","27.951","0,0","24.244","0,0","13.707","204,9","0.527"
"14:32:25.759","24","24","1:05.839","167,208","20","162","31","0,0","27.765","0,0","24.347","0,0","13.727","204,2","0.529"
"14:33:31.694","25","25","1:05.935","166,964","11","164","31","0,0","27.883","0,0","24.344","0,0","13.708","204,9","0.527"
"14:34:37.636","26","26","1:05.942","166,947","25","164","33","0,0","27.823","0,0","24.368","0,0","13.751","204,9","0.527"
"14:35:43.704","27","27","1:06.068","166,628","13","163","34","0,0","27.954","0,0","24.357","0,0","13.757","205,3","0.526"
51 - Atila Abreu - Stock Car PRO 2024
"14:04:26.961","1","1","1:09.469","158,471","13","165","29","0,0","30.086","0,0","25.303","0,0","14.080","202,6","0.533"
"14:05:33.672","2","2","1:06.711","165,022","17","169","24","0,0","28.254","0,0","24.494","0,0","13.963","203,4","0.531"
"14:06:39.245","3","3","1:05.573","167,886","13","169","33","0,0","27.658","0,0","24.117","0,0","13.798","204,9","0.527"
"14:07:45.404","4","4","1:06.159","166,399","11","168","41","0,0","27.600","0,0","24.496","0,0","14.063","203,8","0.530"
"14:09:05.544","5","5","1:20.140","137,370","18","163","51","0,0","27.827","0,0","32.121","0,0","20.192","103,5","1.043"
"14:10:44.318","6","6","1:38.774","111,454","35","161","34","0,0","35.117","0,0","41.602","0,0","22.055","90,1","1.199"
"14:12:29.975","7","7","1:45.657","104,194","30","165","31","0,0","47.145","0,0","41.431","0,0","17.081","147,3","0.733"
"14:14:17.769","8","8","1:47.794","102,128","13","164","31","0,0","50.540","0,0","42.913","0,0","14.341","168,0","0.643"
"14:15:22.843","9","9","1:05.074","169,174","17","162","29","0,0","27.433","0,0","24.010","0,0","13.631","203,4","0.531"
"14:16:27.748","10","10","1:04.905","169,614","10","166","33","0,0","27.270","0,0","24.050","0,0","13.585","204,2","0.529"
"14:17:32.510","11","11","1:04.762","169,989","12","165","41","0,0","27.206","0,0","24.023","0,0","13.533","204,2","0.529"
"14:18:37.548","12","12","1:05.038","169,267","11","162","30","0,0","27.343","0,0","24.067","0,0","13.628","203,8","0.530"
"14:19:42.654","13","13","1:05.106","169,090","17","163","63","0,0","27.333","0,0","24.133","0,0","13.640","203,8","0.530"
"14:20:47.800","14","14","1:05.146","168,987","13","164","43","0,0","27.374","0,0","24.141","0,0","13.631","203,8","0.530"
"14:21:52.863","15","15","1:05.063","169,202","10","165","36","0,0","27.278","0,0","24.106","0,0","13.679","203,4","0.531"
"14:22:58.076","16","16","1:05.213","168,813","13","166","29","0,0","27.324","0,0","24.198","0,0","13.691","204,2","0.529"
"14:24:03.545","17","17","1:05.469","168,153","9","157","59","0,0","27.543","0,0","24.271","0,0","13.655","202,2","0.534"
"14:25:08.846","18","18","1:05.301","168,585","9","165","54","0,0","27.436","0,0","24.232","0,0","13.633","203,0","0.532"
"14:26:14.235","19","19","1:05.389","168,359","9","161","47","0,0","27.472","0,0","24.234","0,0","13.683","202,6","0.533"
"14:27:19.512","20","20","1:05.277","168,647","14","164","43","0,0","27.428","0,0","24.231","0,0","13.618","203,0","0.532"
"14:28:24.976","21","21","1:05.464","168,166","10","161","39","0,0","27.519","0,0","24.297","0,0","13.648","203,0","0.532"
"14:30:04.218","22","22","1:39.242","110,929","50","173","17","0,0","27.509","0,0","24.350","","","201,5","0.536"
"14:31:22.079","23","23","1:17.861","141,390","9","165","34","","","0,0","24.295","0,0","13.735","203,0","0.532"
"14:32:27.825","24","24","1:05.746","167,444","11","168","31","0,0","27.705","0,0","24.327","0,0","13.714","201,9","0.535"
"14:33:33.558","25","25","1:05.733","167,478","9","165","31","0,0","27.698","0,0","24.282","0,0","13.753","204,2","0.529"
"14:34:39.312","26","26","1:05.754","167,424","17","162","33","0,0","27.755","0,0","24.300","0,0","13.699","203,4","0.531"
"14:35:45.192","27","27","1:05.880","167,104","15","162","34","0,0","27.740","0,0","24.371","0,0","13.769","203,8","0.530"
95 - Lucas Kohl - Stock Car PRO 2024
"14:04:27.733","1","1","1:09.653","158,052","25","180","29","0,0","30.098","0,0","25.352","0,0","14.203","203,4","0.531"
"14:05:34.081","2","2","1:06.348","165,925","20","182","24","0,0","28.265","0,0","24.234","0,0","13.849","215,6","0.501"
"14:06:39.672","3","3","1:05.591","167,840","31","175","33","0,0","27.798","0,0","24.014","0,0","13.779","204,5","0.528"
"14:07:45.196","4","4","1:05.524","168,012","32","176","41","0,0","27.619","0,0","24.017","0,0","13.888","213,9","0.505"
"14:09:04.280","5","5","1:19.084","139,204","60","177","51","0,0","27.566","0,0","31.515","0,0","20.003","98,5","1.097"
"14:10:43.240","6","6","1:38.960","111,245","61","174","34","0,0","35.165","0,0","41.572","0,0","22.223","104,8","1.031"
"14:12:28.406","7","7","1:45.166","104,680","91","178","31","0,0","46.445","0,0","41.452","0,0","17.269","150,6","0.717"
"14:14:17.158","8","8","1:48.752","101,228","44","178","31","0,0","50.656","0,0","43.766","0,0","14.330","164,1","0.658"
"14:15:22.068","9","9","1:04.910","169,601","33","179","29","0,0","27.279","0,0","24.035","0,0","13.596","203,0","0.532"
"14:16:26.697","10","10","1:04.629","170,338","35","177","33","0,0","27.360","0,0","23.793","0,0","13.476","214,7","0.503"
"14:17:31.403","11","11","1:04.706","170,136","30","174","41","0,0","27.370","0,0","23.836","0,0","13.500","214,7","0.503"
"14:18:36.593","12","12","1:05.190","168,873","25","173","30","0,0","27.361","0,0","24.192","0,0","13.637","203,0","0.532"
"14:19:41.546","13","13","1:04.953","169,489","46","175","63","0,0","27.391","0,0","24.010","0,0","13.552","213,9","0.505"
"14:20:46.508","14","14","1:04.962","169,465","26","174","43","0,0","27.563","0,0","23.925","0,0","13.474","213,4","0.506"
"14:21:51.830","15","15","1:05.322","168,531","35","175","36","0,0","27.421","0,0","24.234","0,0","13.667","203,0","0.532"
"14:22:56.672","16","16","1:04.842","169,779","32","176","29","0,0","27.368","0,0","23.986","0,0","13.488","213,4","0.506"
"14:24:02.010","17","17","1:05.338","168,490","42","175","59","0,0","27.467","0,0","24.221","0,0","13.650","202,6","0.533"
"14:25:42.702","18","18","1:40.692","109,331","96","185","19","0,0","27.599","0,0","24.233","","","202,6","0.533"
"14:27:00.438","19","19","1:17.736","141,618","24","175","43","","","0,0","23.952","0,0","13.560","214,3","0.504"
"14:28:05.619","20","20","1:05.181","168,896","45","176","39","0,0","27.571","0,0","24.070","0,0","13.540","213,4","0.506"
"14:29:11.339","21","21","1:05.720","167,511","36","172","34","0,0","27.637","0,0","24.374","0,0","13.709","201,9","0.535"
"14:30:16.957","22","22","1:05.618","167,771","41","175","37","0,0","27.637","0,0","24.344","0,0","13.637","203,4","0.531"
"14:31:22.778","23","23","1:05.821","167,254","43","176","34","0,0","27.689","0,0","24.378","0,0","13.754","204,2","0.529"
"14:32:28.481","24","24","1:05.703","167,554","32","176","31","0,0","27.699","0,0","24.289","0,0","13.715","203,4","0.531"
"14:33:34.292","25","25","1:05.811","167,279","35","174","31","0,0","27.702","0,0","24.396","0,0","13.713","203,8","0.530"
"14:34:39.890","26","26","1:05.598","167,822","44","174","33","0,0","27.781","0,0","24.172","0,0","13.645","215,1","0.502"
"14:35:46.056","27","27","1:06.166","166,382","48","175","34","0,0","27.864","0,0","24.413","0,0","13.889","204,2","0.529"
120 - Vitor Baptista - Stock Car PRO 2024
"14:04:27.099","1","1","1:09.527","158,338","12","160","29","0,0","30.201","0,0","25.254","0,0","14.072","204,9","0.527"
"14:05:33.361","2","2","1:06.262","166,140","10","161","24","0,0","28.318","0,0","24.350","0,0","13.594","215,6","0.501"
"14:06:38.736","3","3","1:05.375","168,395","17","158","33","0,0","27.712","0,0","24.090","0,0","13.573","206,5","0.523"
"14:07:44.824","4","4","1:06.088","166,578","17","162","41","0,0","27.835","0,0","24.496","0,0","13.757","203,8","0.530"
"14:09:03.494","5","5","1:18.670","139,936","20","157","51","0,0","27.488","0,0","31.070","0,0","20.112","94,4","1.144"
"14:10:42.560","6","6","1:39.066","111,126","34","156","34","0,0","35.084","0,0","41.399","0,0","22.583","106,9","1.010"
"14:12:27.527","7","7","1:44.967","104,879","40","159","31","0,0","46.397","0,0","41.173","0,0","17.397","151,9","0.711"
"14:14:16.376","8","8","1:48.849","101,138","14","155","31","0,0","50.526","0,0","44.145","0,0","14.178","165,4","0.653"
"14:15:21.418","9","9","1:05.042","169,257","15","161","29","0,0","27.387","0,0","24.074","0,0","13.581","206,1","0.524"
"14:17:03.431","10","10","1:42.013","107,916","44","163","20","0,0","27.415","0,0","24.006","","","205,7","0.525"
"14:18:20.513","11","11","1:17.082","142,819","12","160","30","","","0,0","23.553","0,0","13.386","216,9","0.498"
"14:19:24.772","12","12","1:04.259","171,319","12","161","63","0,0","27.279","0,0","23.590","0,0","13.390","217,7","0.496"
"14:20:29.630","13","13","1:04.858","169,737","17","160","43","0,0","27.270","0,0","24.041","0,0","13.547","203,4","0.531"
"14:21:34.337","14","14","1:04.707","170,133","19","156","33","0,0","27.181","0,0","23.991","0,0","13.535","205,3","0.526"
"14:22:39.942","15","15","1:05.605","167,804","14","161","36","0,0","27.584","0,0","24.463","0,0","13.558","218,6","0.494"
"14:23:45.994","16","16","1:06.052","166,669","15","159","29","0,0","27.787","0,0","24.621","0,0","13.644","205,3","0.526"
"14:24:51.339","17","17","1:05.345","168,472","19","154","54","0,0","27.478","0,0","24.237","0,0","13.630","207,3","0.521"
"14:25:56.619","18","18","1:05.280","168,640","13","164","47","0,0","27.666","0,0","24.069","0,0","13.545","218,6","0.494"
"14:27:02.745","19","19","1:06.126","166,482","14","155","43","0,0","28.103","0,0","24.342","0,0","13.681","206,1","0.524"
"14:28:09.023","20","20","1:06.278","166,100","16","159","39","0,0","27.748","0,0","24.796","0,0","13.734","204,2","0.529"
"14:29:14.386","21","21","1:05.363","168,426","18","162","34","0,0","27.666","0,0","24.081","0,0","13.616","205,3","0.526"
"14:30:19.488","22","22","1:05.102","169,101","11","162","37","0,0","27.424","0,0","24.094","0,0","13.584","206,1","0.524"
"14:31:24.876","23","23","1:05.388","168,361","16","161","34","0,0","27.648","0,0","24.106","0,0","13.634","208,1","0.519"
"14:32:30.144","24","24","1:05.268","168,671","17","161","31","0,0","27.493","0,0","24.169","0,0","13.606","206,9","0.522"
"14:33:35.505","25","25","1:05.361","168,431","12","157","31","0,0","27.586","0,0","24.156","0,0","13.619","206,5","0.523"
"14:34:40.877","26","26","1:05.372","168,402","16","161","33","0,0","27.542","0,0","24.133","0,0","13.697","206,5","0.523"
"14:35:46.618","27","27","1:05.741","167,457","11","159","34","0,0","27.757","0,0","24.291","0,0","13.693","206,1","0.524"
35 - Gabriel Robe - Stock Car PRO 2024
"14:04:25.577","1","1","1:09.278","158,908","26","169","29","0,0","30.115","0,0","25.239","0,0","13.924","204,2","0.529"
"14:05:31.205","2","2","1:05.628","167,745","58","167","24","0,0","28.044","0,0","23.985","0,0","13.599","216,4","0.499"
"14:06:36.363","3","3","1:05.158","168,955","72","168","33","0,0","27.485","0,0","23.930","0,0","13.743","214,3","0.504"
"14:07:41.519","4","4","1:05.156","168,961","60","159","41","0,0","27.636","0,0","23.993","0,0","13.527","214,3","0.504"
"14:08:59.828","5","5","1:18.309","140,582","94","164","51","0,0","27.545","0,0","30.028","0,0","20.736","101,9","1.060"
"14:10:38.747","6","6","1:38.919","111,291","128","164","34","0,0","34.685","0,0","40.539","0,0","23.695","98,3","1.099"
"14:12:23.041","7","7","1:44.294","105,555","96","164","31","0,0","46.162","0,0","39.719","0,0","18.413","159,8","0.676"
"14:14:13.679","8","8","1:50.638","99,503","49","164","31","0,0","50.261","0,0","45.921","0,0","14.456","157,7","0.685"
"14:15:18.898","9","9","1:05.219","168,797","66","166","29","0,0","27.506","0,0","24.077","0,0","13.636","203,4","0.531"
"14:16:23.063","10","10","1:04.165","171,570","26","160","33","0,0","27.219","0,0","23.473","0,0","13.473","215,6","0.501"
"14:17:28.495","11","11","1:05.432","168,248","28","159","41","0,0","27.540","0,0","24.201","0,0","13.691","203,0","0.532"
"14:18:33.195","12","12","1:04.700","170,151","27","164","30","0,0","27.377","0,0","23.845","0,0","13.478","214,7","0.503"
"14:19:38.737","13","13","1:05.542","167,966","62","162","63","0,0","27.373","0,0","24.339","0,0","13.830","204,9","0.527"
"14:21:21.861","14","14","1:43.124","106,753","53","179","24","0,0","27.552","0,0","24.080","","","203,0","0.532"
"14:22:39.746","15","15","1:17.885","141,347","35","167","36","","","0,0","24.459","0,0","13.498","215,6","0.501"
"14:23:45.532","16","16","1:05.786","167,343","25","167","29","0,0","27.792","0,0","24.441","0,0","13.553","214,3","0.504"
"14:24:51.112","17","17","1:05.580","167,868","51","164","54","0,0","27.603","0,0","24.308","0,0","13.669","203,8","0.530"
"14:25:56.518","18","18","1:05.406","168,315","59","172","47","0,0","27.666","0,0","24.180","0,0","13.560","215,1","0.502"
"14:27:02.593","19","19","1:06.075","166,611","29","165","43","0,0","28.000","0,0","24.365","0,0","13.710","203,4","0.531"
"14:28:08.814","20","20","1:06.221","166,243","48","166","39","0,0","27.720","0,0","24.852","0,0","13.649","211,8","0.510"
"14:29:15.728","21","21","1:06.914","164,522","59","167","34","0,0","28.373","0,0","24.497","0,0","14.044","203,4","0.531"
"14:30:22.059","22","22","1:06.331","165,968","32","164","37","0,0","27.985","0,0","24.558","0,0","13.788","203,0","0.532"
"14:31:28.299","23","23","1:06.240","166,196","43","162","34","0,0","27.893","0,0","24.426","0,0","13.921","203,4","0.531"
"14:32:34.651","24","24","1:06.352","165,915","48","164","31","0,0","27.916","0,0","24.657","0,0","13.779","202,2","0.534"
"14:33:40.981","25","25","1:06.330","165,970","51","166","31","0,0","27.863","0,0","24.564","0,0","13.903","202,6","0.533"
"14:34:47.365","26","26","1:06.384","165,835","33","163","33","0,0","27.907","0,0","24.620","0,0","13.857","202,2","0.534"
"14:35:54.060","27","27","1:06.695","165,062","30","161","53","0,0","28.061","0,0","24.690","0,0","13.944","201,9","0.535"
81 - Arthur Leist - Stock Car PRO 2024
"14:04:26.753","1","1","1:10.028","157,206","36","167","29","0,0","30.622","0,0","25.240","0,0","14.166","202,2","0.534"
"14:05:33.091","2","2","1:06.338","165,950","46","164","24","0,0","28.283","0,0","24.425","0,0","13.630","210,5","0.513"
"14:06:38.448","3","3","1:05.357","168,441","51","165","33","0,0","27.577","0,0","24.116","0,0","13.664","203,4","0.531"
"14:07:44.366","4","4","1:05.918","167,007","48","165","41","0,0","28.008","0,0","24.357","0,0","13.553","212,6","0.508"
"14:09:02.636","5","5","1:18.270","140,652","64","163","51","0,0","27.455","0,0","30.895","0,0","19.920","94,2","1.147"
"14:10:41.711","6","6","1:39.075","111,116","115","161","34","0,0","34.802","0,0","41.563","0,0","22.710","106,7","1.012"
"14:12:26.794","7","7","1:45.083","104,763","77","173","31","0,0","46.174","0,0","41.173","0,0","17.736","152,1","0.710"
"14:14:15.664","8","8","1:48.870","101,119","26","162","31","0,0","50.748","0,0","43.825","0,0","14.297","161,2","0.670"
"14:15:20.904","9","9","1:05.240","168,743","42","162","29","0,0","27.645","0,0","23.964","0,0","13.631","203,4","0.531"
"14:16:25.663","10","10","1:04.759","169,996","46","166","33","0,0","27.393","0,0","23.846","0,0","13.520","213,4","0.506"
"14:17:30.700","11","11","1:05.037","169,270","49","164","41","0,0","27.377","0,0","24.012","0,0","13.648","203,8","0.530"
"14:18:35.629","12","12","1:04.929","169,551","43","161","30","0,0","27.399","0,0","24.020","0,0","13.510","212,2","0.509"
"14:19:40.710","13","13","1:05.081","169,155","50","162","63","0,0","27.359","0,0","24.118","0,0","13.604","203,4","0.531"
"14:20:45.467","14","14","1:04.757","170,002","49","160","43","0,0","27.370","0,0","23.919","0,0","13.468","212,6","0.508"
"14:21:50.642","15","15","1:05.175","168,911","51","169","36","0,0","27.328","0,0","24.182","0,0","13.665","203,0","0.532"
"14:23:29.348","16","16","1:38.706","111,531","46","175","17","0,0","27.404","0,0","24.129","","","202,6","0.533"
"14:24:49.238","17","17","1:19.890","137,799","43","163","54","","","0,0","24.647","0,0","13.921","203,0","0.532"
"14:26:29.468","18","19","1:40.230","109,835","86","170","20","0,0","28.027","0,0","24.855","","","176,8","0.611"
"14:27:49.369","19","20","1:19.901","137,781","53","163","39","","","0,0","24.196","0,0","13.790","203,0","0.532"
"14:29:22.553","20","21","1:33.184","118,140","57","169","14","0,0","27.645","0,0","24.139","","","201,1","0.537"
"14:30:43.243","21","22","1:20.690","136,433","50","165","37","","","0,0","24.321","0,0","13.749","203,0","0.532"
"14:31:48.909","22","23","1:05.666","167,648","42","164","31","0,0","27.652","0,0","24.289","0,0","13.725","201,9","0.535"
"14:32:54.660","23","24","1:05.751","167,432","53","161","31","0,0","27.757","0,0","24.221","0,0","13.773","203,0","0.532"
"14:34:00.060","24","25","1:05.400","168,330","49","162","33","0,0","27.489","0,0","24.174","0,0","13.737","202,6","0.533"
"14:35:05.501","25","26","1:05.441","168,225","45","162","34","0,0","27.528","0,0","24.162","0,0","13.751","203,0","0.532"
"14:36:11.114","26","27","1:05.613","167,784","49","160","53","0,0","27.646","0,0","24.256","0,0","13.711","202,2","0.534"
4 - Julio Campos - Stock Car PRO 2024
"14:04:27.262","1","1","1:09.436","158,546","23","173","29","0,0","30.126","0,0","25.313","0,0","13.997","203,8","0.530"
"14:05:34.191","2","2","1:06.929","164,485","16","173","24","0,0","28.373","0,0","24.655","0,0","13.901","203,4","0.531"
"14:06:40.074","3","3","1:05.883","167,096","23","169","33","0,0","28.020","0,0","24.174","0,0","13.689","204,5","0.528"
"14:07:45.675","4","4","1:05.601","167,815","27","168","41","0,0","27.651","0,0","24.196","0,0","13.754","204,9","0.527"
"14:09:06.659","5","5","1:20.984","135,938","40","168","51","0,0","28.255","0,0","32.547","0,0","20.182","103,3","1.045"
"14:10:45.917","6","6","1:39.258","110,911","29","166","34","0,0","34.690","0,0","42.839","0,0","21.729","90,4","1.195"
"14:12:30.642","7","7","1:44.725","105,121","80","169","31","0,0","46.345","0,0","41.709","0,0","16.671","150,2","0.719"
"14:14:18.154","8","8","1:47.512","102,396","29","169","31","0,0","50.824","0,0","42.550","0,0","14.138","171,7","0.629"
"14:15:23.435","9","9","1:05.281","168,637","26","172","29","0,0","27.550","0,0","24.109","0,0","13.622","204,2","0.529"
"14:16:28.789","10","10","1:05.354","168,449","23","164","33","0,0","27.540","0,0","24.176","0,0","13.638","204,2","0.529"
"14:17:33.969","11","11","1:05.180","168,898","25","168","41","0,0","27.456","0,0","24.088","0,0","13.636","204,5","0.528"
"14:18:39.222","12","12","1:05.253","168,709","15","169","30","0,0","27.461","0,0","24.149","0,0","13.643","203,8","0.530"
"14:19:44.644","13","13","1:05.422","168,274","14","170","63","0,0","27.457","0,0","24.254","0,0","13.711","204,2","0.529"
"14:20:50.345","14","14","1:05.701","167,559","16","166","33","0,0","27.729","0,0","24.254","0,0","13.718","204,2","0.529"
"14:21:56.363","15","15","1:06.018","166,755","21","168","36","0,0","27.827","0,0","24.376","0,0","13.815","203,4","0.531"
"14:23:02.234","16","16","1:05.871","167,127","25","169","29","0,0","27.793","0,0","24.324","0,0","13.754","203,8","0.530"
"14:24:55.969","17","17","1:53.735","96,793","68","178","23","0,0","28.010","0,0","24.555","","","202,6","0.533"
"14:26:17.546","18","19","1:21.577","134,950","16","166","47","","","0,0","24.816","0,0","13.929","202,6","0.533"
"14:27:23.723","19","20","1:06.177","166,354","14","171","43","0,0","28.102","0,0","24.332","0,0","13.743","203,0","0.532"
"14:28:29.958","20","21","1:06.235","166,208","31","170","39","0,0","28.061","0,0","24.388","0,0","13.786","202,6","0.533"
"14:29:35.889","21","21","1:05.931","166,975","22","168","34","0,0","27.880","0,0","24.312","0,0","13.739","203,0","0.532"
"14:30:42.159","22","22","1:06.270","166,120","26","167","37","0,0","27.988","0,0","24.484","0,0","13.798","203,0","0.532"
38 - Zezinho Muggiati - Stock Car PRO 2024
"14:04:26.391","1","1","1:09.936","157,412","25","192","29","0,0","30.503","0,0","25.255","0,0","14.178","200,4","0.539"
"14:05:32.051","2","2","1:05.660","167,664","25","183","24","0,0","28.089","0,0","24.037","0,0","13.534","216,9","0.498"
"14:06:37.870","3","3","1:05.819","167,259","52","190","33","0,0","27.731","0,0","24.193","0,0","13.895","205,3","0.526"
"14:07:43.862","4","4","1:05.992","166,820","41","184","41","0,0","28.385","0,0","23.896","0,0","13.711","216,0","0.500"
